{"type":"FeatureCollection","metadata":{"minimum_population":1000,"feature_count":1265,"service":"https://geo.abs.gov.au/arcgis/rest/services/ASGS2021/SAL/MapServer/2","population_table":"POI/Census_Population/2021Census_G01_NSW_SAL.csv"},"features":[{"type":"Feature","properties":{"sal_code":"10396","name":"Blacktown","population":50961,"size_band":"regional_city","source":"ABS SAL 2021 + Census 2021 G01"},"geometry":{"type":"Point","coordinates":[150.9033783283802,-33.77779102313907]}},{"type":"Feature","properties":{"sal_code":"13258","name":"Port Macquarie","population":47693,"size_band":"regional_city","source":"ABS SAL 2021 + Census 2021 G01"},"geometry":{"type":"Point","coordinates":[152.89598672983195,-31.46014849850663]}},{"type":"Feature","properties":{"sal_code":"11299","name":"Dubbo","population":43516,"size_band":"regional_city","source":"ABS SAL 2021 + Census 2021 G01"},"geometry":{"type":"Point","coordinates":[148.61726547440932,-32.281411471119846]}},{"type":"Feature","properties":{"sal_code":"13103","name":"Orange","population":41232,"size_band":"regional_city","source":"ABS SAL 2021 + Census 2021 G01"},"geometry":{"type":"Point","coordinates":[149.08238512534402,-33.25104222560882]}},{"type":"Feature","properties":{"sal_code":"10846","name":"Castle Hill (NSW)","population":40874,"size_band":"regional_city","source":"ABS SAL 2021 + Census 2021 G01"},"geometry":{"type":"Point","coordinates":[150.99974644795705,-33.729334005960666]}},{"type":"Feature","properties":{"sal_code":"10107","name":"Auburn (NSW)","population":39333,"size_band":"regional_city","source":"ABS SAL 2021 + Census 2021 G01"},"geometry":{"type":"Point","coordinates":[151.02826584808523,-33.85102850401273]}},{"type":"Feature","properties":{"sal_code":"10233","name":"Baulkham Hills","population":37415,"size_band":"regional_city","source":"ABS SAL 2021 + Census 2021 G01"},"geometry":{"type":"Point","coordinates":[150.98343838647511,-33.75368654611865]}},{"type":"Feature","properties":{"sal_code":"10181","name":"Bankstown","population":34933,"size_band":"regional_city","source":"ABS SAL 2021 + Census 2021 G01"},"geometry":{"type":"Point","coordinates":[151.03125038383578,-33.92139078894532]}},{"type":"Feature","properties":{"sal_code":"12599","name":"Merrylands","population":32472,"size_band":"regional_city","source":"ABS SAL 2021 + Census 2021 G01"},"geometry":{"type":"Point","coordinates":[150.98510971373926,-33.83405869493209]}},{"type":"Feature","properties":{"sal_code":"13469","name":"Ryde","population":31907,"size_band":"regional_city","source":"ABS SAL 2021 + Census 2021 G01"},"geometry":{"type":"Point","coordinates":[151.11399101384015,-33.810308898889055]}},{"type":"Feature","properties":{"sal_code":"11971","name":"Hurstville","population":31162,"size_band":"regional_city","source":"ABS SAL 2021 + Census 2021 G01"},"geometry":{"type":"Point","coordinates":[151.10060361340038,-33.96316329877073]}},{"type":"Feature","properties":{"sal_code":"12370","name":"Liverpool","population":31078,"size_band":"regional_city","source":"ABS SAL 2021 + Census 2021 G01"},"geometry":{"type":"Point","coordinates":[150.91654203394123,-33.922377263093665]}},{"type":"Feature","properties":{"sal_code":"12511","name":"Maroubra","population":30722,"size_band":"regional_city","source":"ABS SAL 2021 + Census 2021 G01"},"geometry":{"type":"Point","coordinates":[151.24285093224057,-33.94543196123759]}},{"type":"Feature","properties":{"sal_code":"13167","name":"Parramatta","population":30211,"size_band":"regional_city","source":"ABS SAL 2021 + Census 2021 G01"},"geometry":{"type":"Point","coordinates":[151.00819059725475,-33.81504124634507]}},{"type":"Feature","properties":{"sal_code":"11431","name":"Epping (NSW)","population":29551,"size_band":"regional_city","source":"ABS SAL 2021 + Census 2021 G01"},"geometry":{"type":"Point","coordinates":[151.07514124665937,-33.7737743910339]}},{"type":"Feature","properties":{"sal_code":"13325","name":"Randwick","population":28943,"size_band":"regional_city","source":"ABS SAL 2021 + Census 2021 G01"},"geometry":{"type":"Point","coordinates":[151.24012882313062,-33.91806350183532]}},{"type":"Feature","properties":{"sal_code":"12749","name":"Mosman","population":28329,"size_band":"regional_city","source":"ABS SAL 2021 + Census 2021 G01"},"geometry":{"type":"Point","coordinates":[151.24764570713756,-33.82845599627489]}},{"type":"Feature","properties":{"sal_code":"10817","name":"Carlingford","population":28044,"size_band":"regional_city","source":"ABS SAL 2021 + Census 2021 G01"},"geometry":{"type":"Point","coordinates":[151.04539854862503,-33.774487142192946]}},{"type":"Feature","properties":{"sal_code":"13299","name":"Quakers Hill","population":27893,"size_band":"regional_city","source":"ABS SAL 2021 + Census 2021 G01"},"geometry":{"type":"Point","coordinates":[150.897316662133,-33.728263255934415]}},{"type":"Feature","properties":{"sal_code":"10959","name":"Coffs Harbour","population":27089,"size_band":"regional_city","source":"ABS SAL 2021 + Census 2021 G01"},"geometry":{"type":"Point","coordinates":[153.0994135065682,-30.329914441816054]}},{"type":"Feature","properties":{"sal_code":"12096","name":"Kellyville","population":27011,"size_band":"regional_city","source":"ABS SAL 2021 + Census 2021 G01"},"geometry":{"type":"Point","coordinates":[150.95801308601932,-33.71036885593652]}},{"type":"Feature","properties":{"sal_code":"12514","name":"Marrickville","population":26570,"size_band":"regional_city","source":"ABS SAL 2021 + Census 2021 G01"},"geometry":{"type":"Point","coordinates":[151.15484818869407,-33.91228451102715]}},{"type":"Feature","properties":{"sal_code":"11763","name":"Greenacre","population":26314,"size_band":"regional_city","source":"ABS SAL 2021 + Census 2021 G01"},"geometry":{"type":"Point","coordinates":[151.05729019303126,-33.90388225611351]}},{"type":"Feature","properties":{"sal_code":"10781","name":"Campsie","population":26132,"size_band":"regional_city","source":"ABS SAL 2021 + Census 2021 G01"},"geometry":{"type":"Point","coordinates":[151.10339544345445,-33.91285609248236]}},{"type":"Feature","properties":{"sal_code":"13690","name":"Strathfield (NSW)","population":25915,"size_band":"regional_city","source":"ABS SAL 2021 + Census 2021 G01"},"geometry":{"type":"Point","coordinates":[151.08058041634726,-33.87913661083433]}},{"type":"Feature","properties":{"sal_code":"10891","name":"Chatswood","population":25553,"size_band":"regional_city","source":"ABS SAL 2021 + Census 2021 G01"},"geometry":{"type":"Point","coordinates":[151.18120552808807,-33.795796336361875]}},{"type":"Feature","properties":{"sal_code":"11674","name":"Glenmore Park","population":25021,"size_band":"regional_city","source":"ABS SAL 2021 + Census 2021 G01"},"geometry":{"type":"Point","coordinates":[150.6815622733117,-33.793243456384616]}},{"type":"Feature","properties":{"sal_code":"11796","name":"Guildford (NSW)","population":24091,"size_band":"regional_city","source":"ABS SAL 2021 + Census 2021 G01"},"geometry":{"type":"Point","coordinates":[150.99459840428642,-33.8586096814569]}},{"type":"Feature","properties":{"sal_code":"10086","name":"Armidale","population":23967,"size_band":"regional_city","source":"ABS SAL 2021 + Census 2021 G01"},"geometry":{"type":"Point","coordinates":[151.6712526088936,-30.501949003250534]}},{"type":"Feature","properties":{"sal_code":"11731","name":"Goulburn","population":23963,"size_band":"regional_city","source":"ABS SAL 2021 + Census 2021 G01"},"geometry":{"type":"Point","coordinates":[149.72691676386225,-34.74469548004508]}},{"type":"Feature","properties":{"sal_code":"12325","name":"Lidcombe","population":23663,"size_band":"regional_city","source":"ABS SAL 2021 + Census 2021 G01"},"geometry":{"type":"Point","coordinates":[151.0481936431568,-33.85464961848343]}},{"type":"Feature","properties":{"sal_code":"11787","name":"Greystanes","population":23511,"size_band":"regional_city","source":"ABS SAL 2021 + Census 2021 G01"},"geometry":{"type":"Point","coordinates":[150.94753167443824,-33.82378584637259]}},{"type":"Feature","properties":{"sal_code":"11229","name":"Dee Why","population":23354,"size_band":"regional_city","source":"ABS SAL 2021 + Census 2021 G01"},"geometry":{"type":"Point","coordinates":[151.28882814398963,-33.75116600115161]}},{"type":"Feature","properties":{"sal_code":"10099","name":"Ashfield (NSW)","population":23012,"size_band":"regional_city","source":"ABS SAL 2021 + Census 2021 G01"},"geometry":{"type":"Point","coordinates":[151.12753493853162,-33.88933337594557]}},{"type":"Feature","properties":{"sal_code":"11943","name":"Hornsby","population":22462,"size_band":"regional_city","source":"ABS SAL 2021 + Census 2021 G01"},"geometry":{"type":"Point","coordinates":[151.10054592808436,-33.69764170158019]}},{"type":"Feature","properties":{"sal_code":"12529","name":"Mascot","population":21591,"size_band":"regional_city","source":"ABS SAL 2021 + Census 2021 G01"},"geometry":{"type":"Point","coordinates":[151.18370630309175,-33.93585503983746]}},{"type":"Feature","properties":{"sal_code":"13286","name":"Punchbowl (Canterbury-Bankstown - NSW)","population":21384,"size_band":"regional_city","source":"ABS SAL 2021 + Census 2021 G01"},"geometry":{"type":"Point","coordinates":[151.05171895662357,-33.929066911366846]}},{"type":"Feature","properties":{"sal_code":"10738","name":"Cabramatta","population":21142,"size_band":"regional_city","source":"ABS SAL 2021 + Census 2021 G01"},"geometry":{"type":"Point","coordinates":[150.9357167380724,-33.89827744592273]}},{"type":"Feature","properties":{"sal_code":"14376","name":"Wollongong","population":20446,"size_band":"regional_city","source":"ABS SAL 2021 + Census 2021 G01"},"geometry":{"type":"Point","coordinates":[150.89295790881368,-34.42855793951742]}},{"type":"Feature","properties":{"sal_code":"13533","name":"Seven Hills (NSW)","population":20095,"size_band":"regional_city","source":"ABS SAL 2021 + Census 2021 G01"},"geometry":{"type":"Point","coordinates":[150.93619576559595,-33.777428211452]}},{"type":"Feature","properties":{"sal_code":"13647","name":"St Clair (Penrith - NSW)","population":19942,"size_band":"major_town","source":"ABS SAL 2021 + Census 2021 G01"},"geometry":{"type":"Point","coordinates":[150.78649684152393,-33.797939926345585]}},{"type":"Feature","properties":{"sal_code":"14471","name":"Yagoona","population":19651,"size_band":"major_town","source":"ABS SAL 2021 + Census 2021 G01"},"geometry":{"type":"Point","coordinates":[151.02207749333186,-33.90422046115692]}},{"type":"Feature","properties":{"sal_code":"10333","name":"Bexley","population":19646,"size_band":"major_town","source":"ABS SAL 2021 + Census 2021 G01"},"geometry":{"type":"Point","coordinates":[151.11803239686117,-33.95213153618911]}},{"type":"Feature","properties":{"sal_code":"11788","name":"Griffith (NSW)","population":19505,"size_band":"major_town","source":"ABS SAL 2021 + Census 2021 G01"},"geometry":{"type":"Point","coordinates":[146.0443926472071,-34.27538998919092]}},{"type":"Feature","properties":{"sal_code":"10897","name":"Cherrybrook","population":19082,"size_band":"major_town","source":"ABS SAL 2021 + Census 2021 G01"},"geometry":{"type":"Point","coordinates":[151.04593371366732,-33.72288496450412]}},{"type":"Feature","properties":{"sal_code":"11372","name":"Eastwood (NSW)","population":18695,"size_band":"major_town","source":"ABS SAL 2021 + Census 2021 G01"},"geometry":{"type":"Point","coordinates":[151.0846337056391,-33.78848779101082]}},{"type":"Feature","properties":{"sal_code":"11480","name":"Fairfield (NSW)","population":18596,"size_band":"major_town","source":"ABS SAL 2021 + Census 2021 G01"},"geometry":{"type":"Point","coordinates":[150.9510235130842,-33.874008649974876]}},{"type":"Feature","properties":{"sal_code":"13654","name":"St Ives (NSW)","population":18384,"size_band":"major_town","source":"ABS SAL 2021 + Census 2021 G01"},"geometry":{"type":"Point","coordinates":[151.16977606330224,-33.72888946428169]}},{"type":"Feature","properties":{"sal_code":"10716","name":"Burwood (NSW)","population":18224,"size_band":"major_town","source":"ABS SAL 2021 + Census 2021 G01"},"geometry":{"type":"Point","coordinates":[151.10411987813717,-33.87837842245672]}},{"type":"Feature","properties":{"sal_code":"11346","name":"Earlwood","population":18053,"size_band":"major_town","source":"ABS SAL 2021 + Census 2021 G01"},"geometry":{"type":"Point","coordinates":[151.13142157147357,-33.92492723605221]}},{"type":"Feature","properties":{"sal_code":"13195","name":"Penrith","population":17966,"size_band":"major_town","source":"ABS SAL 2021 + Census 2021 G01"},"geometry":{"type":"Point","coordinates":[150.6895545035461,-33.74532969889429]}},{"type":"Feature","properties":{"sal_code":"12656","name":"Miranda (NSW)","population":17942,"size_band":"major_town","source":"ABS SAL 2021 + Census 2021 G01"},"geometry":{"type":"Point","coordinates":[151.10384378183292,-34.032625255706435]}},{"type":"Feature","properties":{"sal_code":"11120","name":"Cronulla","population":17899,"size_band":"major_town","source":"ABS SAL 2021 + Census 2021 G01"},"geometry":{"type":"Point","coordinates":[151.15410582812987,-34.05628238627007]}},{"type":"Feature","properties":{"sal_code":"14103","name":"Wahroonga","population":17853,"size_band":"major_town","source":"ABS SAL 2021 + Census 2021 G01"},"geometry":{"type":"Point","coordinates":[151.11725316314943,-33.71489876997628]}},{"type":"Feature","properties":{"sal_code":"11425","name":"Engadine","population":17736,"size_band":"major_town","source":"ABS SAL 2021 + Census 2021 G01"},"geometry":{"type":"Point","coordinates":[151.00792571192522,-34.05778204635811]}},{"type":"Feature","properties":{"sal_code":"10589","name":"Broken Hill","population":17706,"size_band":"major_town","source":"ABS SAL 2021 + Census 2021 G01"},"geometry":{"type":"Point","coordinates":[141.5606337641656,-32.3527226637156]}},{"type":"Feature","properties":{"sal_code":"13102","name":"Oran Park","population":17624,"size_band":"major_town","source":"ABS SAL 2021 + Census 2021 G01"},"geometry":{"type":"Point","coordinates":[150.7422318735036,-33.98801968907165]}},{"type":"Feature","properties":{"sal_code":"13003","name":"North Kellyville","population":17401,"size_band":"major_town","source":"ABS SAL 2021 + Census 2021 G01"},"geometry":{"type":"Point","coordinates":[150.9460475776388,-33.68041921626074]}},{"type":"Feature","properties":{"sal_code":"14025","name":"Umina Beach","population":17372,"size_band":"major_town","source":"ABS SAL 2021 + Census 2021 G01"},"geometry":{"type":"Point","coordinates":[151.31239507536256,-33.51939900631179]}},{"type":"Feature","properties":{"sal_code":"12266","name":"Lakemba","population":17092,"size_band":"major_town","source":"ABS SAL 2021 + Census 2021 G01"},"geometry":{"type":"Point","coordinates":[151.0754702636153,-33.91876232922959]}},{"type":"Feature","properties":{"sal_code":"12767","name":"Mount Druitt","population":16986,"size_band":"major_town","source":"ABS SAL 2021 + Census 2021 G01"},"geometry":{"type":"Point","coordinates":[150.81426404633214,-33.76791241582302]}},{"type":"Feature","properties":{"sal_code":"11745","name":"Granville (NSW)","population":16716,"size_band":"major_town","source":"ABS SAL 2021 + Census 2021 G01"},"geometry":{"type":"Point","coordinates":[151.007451708679,-33.836597881945]}},{"type":"Feature","properties":{"sal_code":"13779","name":"Taree","population":16715,"size_band":"major_town","source":"ABS SAL 2021 + Census 2021 G01"},"geometry":{"type":"Point","coordinates":[152.44494740561115,-31.891687003192796]}},{"type":"Feature","properties":{"sal_code":"13730","name":"Sydney","population":16667,"size_band":"major_town","source":"ABS SAL 2021 + Census 2021 G01"},"geometry":{"type":"Point","coordinates":[151.2099799680103,-33.869758254479656]}},{"type":"Feature","properties":{"sal_code":"14266","name":"West Pennant Hills","population":16620,"size_band":"major_town","source":"ABS SAL 2021 + Census 2021 G01"},"geometry":{"type":"Point","coordinates":[151.03265378856645,-33.747632116523704]}},{"type":"Feature","properties":{"sal_code":"10851","name":"Casula","population":16584,"size_band":"major_town","source":"ABS SAL 2021 + Census 2021 G01"},"geometry":{"type":"Point","coordinates":[150.89616203953202,-33.95198100623785]}},{"type":"Feature","properties":{"sal_code":"10779","name":"Campbelltown (NSW)","population":16577,"size_band":"major_town","source":"ABS SAL 2021 + Census 2021 G01"},"geometry":{"type":"Point","coordinates":[150.82046636270172,-34.06444538078192]}},{"type":"Feature","properties":{"sal_code":"14278","name":"Westmead","population":16555,"size_band":"major_town","source":"ABS SAL 2021 + Census 2021 G01"},"geometry":{"type":"Point","coordinates":[150.98695823369323,-33.80961906710683]}},{"type":"Feature","properties":{"sal_code":"10186","name":"Banora Point","population":16460,"size_band":"major_town","source":"ABS SAL 2021 + Census 2021 G01"},"geometry":{"type":"Point","coordinates":[153.5346865755942,-28.224825228750678]}},{"type":"Feature","properties":{"sal_code":"12190","name":"Kogarah","population":16416,"size_band":"major_town","source":"ABS SAL 2021 + Census 2021 G01"},"geometry":{"type":"Point","coordinates":[151.13560797312417,-33.966108926385054]}},{"type":"Feature","properties":{"sal_code":"14201","name":"Waterloo (NSW)","population":16379,"size_band":"major_town","source":"ABS SAL 2021 + Census 2021 G01"},"geometry":{"type":"Point","coordinates":[151.2078473926786,-33.900346045818175]}},{"type":"Feature","properties":{"sal_code":"13851","name":"The Ponds","population":16315,"size_band":"major_town","source":"ABS SAL 2021 + Census 2021 G01"},"geometry":{"type":"Point","coordinates":[150.906222993746,-33.70634174024418]}},{"type":"Feature","properties":{"sal_code":"10877","name":"Cessnock","population":16300,"size_band":"major_town","source":"ABS SAL 2021 + Census 2021 G01"},"geometry":{"type":"Point","coordinates":[151.3561228768941,-32.83347801196825]}},{"type":"Feature","properties":{"sal_code":"12485","name":"Manly (NSW)","population":16296,"size_band":"major_town","source":"ABS SAL 2021 + Census 2021 G01"},"geometry":{"type":"Point","coordinates":[151.29116889310865,-33.809884642548155]}},{"type":"Feature","properties":{"sal_code":"13925","name":"Toongabbie (NSW)","population":16177,"size_band":"major_town","source":"ABS SAL 2021 + Census 2021 G01"},"geometry":{"type":"Point","coordinates":[150.95829616223335,-33.79195822626432]}},{"type":"Feature","properties":{"sal_code":"13410","name":"Rooty Hill","population":16176,"size_band":"major_town","source":"ABS SAL 2021 + Census 2021 G01"},"geometry":{"type":"Point","coordinates":[150.8431453121113,-33.77212991606336]}},{"type":"Feature","properties":{"sal_code":"11686","name":"Glenwood (NSW)","population":15829,"size_band":"major_town","source":"ABS SAL 2021 + Census 2021 G01"},"geometry":{"type":"Point","coordinates":[150.93180816916953,-33.73754900136989]}},{"type":"Feature","properties":{"sal_code":"13714","name":"Surry Hills","population":15828,"size_band":"major_town","source":"ABS SAL 2021 + Census 2021 G01"},"geometry":{"type":"Point","coordinates":[151.21001385875098,-33.884943959292094]}},{"type":"Feature","properties":{"sal_code":"11105","name":"Cranebrook","population":15779,"size_band":"major_town","source":"ABS SAL 2021 + Census 2021 G01"},"geometry":{"type":"Point","coordinates":[150.70828091870618,-33.706607720283]}},{"type":"Feature","properties":{"sal_code":"13272","name":"Prestons","population":15694,"size_band":"major_town","source":"ABS SAL 2021 + Census 2021 G01"},"geometry":{"type":"Point","coordinates":[150.87117977020807,-33.94154335067742]}},{"type":"Feature","properties":{"sal_code":"10513","name":"Bossley Park","population":15492,"size_band":"major_town","source":"ABS SAL 2021 + Census 2021 G01"},"geometry":{"type":"Point","coordinates":[150.8844309941356,-33.862020241451404]}},{"type":"Feature","properties":{"sal_code":"13394","name":"Rockdale","population":15475,"size_band":"major_town","source":"ABS SAL 2021 + Census 2021 G01"},"geometry":{"type":"Point","coordinates":[151.14233232206493,-33.954257985942704]}},{"type":"Feature","properties":{"sal_code":"13369","name":"Revesby","population":15268,"size_band":"major_town","source":"ABS SAL 2021 + Census 2021 G01"},"geometry":{"type":"Point","coordinates":[151.01233443852377,-33.94967746335356]}},{"type":"Feature","properties":{"sal_code":"11987","name":"Ingleburn","population":15264,"size_band":"major_town","source":"ABS SAL 2021 + Census 2021 G01"},"geometry":{"type":"Point","coordinates":[150.86157988529678,-34.00510274129037]}},{"type":"Feature","properties":{"sal_code":"13517","name":"Schofields","population":15213,"size_band":"major_town","source":"ABS SAL 2021 + Census 2021 G01"},"geometry":{"type":"Point","coordinates":[150.87043036146207,-33.702543826018214]}},{"type":"Feature","properties":{"sal_code":"12306","name":"Leichhardt (NSW)","population":15158,"size_band":"major_town","source":"ABS SAL 2021 + Census 2021 G01"},"geometry":{"type":"Point","coordinates":[151.15597247339136,-33.88143458122619]}},{"type":"Feature","properties":{"sal_code":"14245","name":"Wentworthville","population":15098,"size_band":"major_town","source":"ABS SAL 2021 + Census 2021 G01"},"geometry":{"type":"Point","coordinates":[150.96973286384716,-33.80635582801153]}},{"type":"Feature","properties":{"sal_code":"12969","name":"Newtown (NSW)","population":14690,"size_band":"major_town","source":"ABS SAL 2021 + Census 2021 G01"},"geometry":{"type":"Point","coordinates":[151.18037879865068,-33.89764229991541]}},{"type":"Feature","properties":{"sal_code":"11015","name":"Coogee (NSW)","population":14634,"size_band":"major_town","source":"ABS SAL 2021 + Census 2021 G01"},"geometry":{"type":"Point","coordinates":[151.25481879869864,-33.91966250212749]}},{"type":"Feature","properties":{"sal_code":"12515","name":"Marsden Park","population":14610,"size_band":"major_town","source":"ABS SAL 2021 + Census 2021 G01"},"geometry":{"type":"Point","coordinates":[150.83216363054512,-33.70769283581557]}},{"type":"Feature","properties":{"sal_code":"10999","name":"Concord","population":14551,"size_band":"major_town","source":"ABS SAL 2021 + Census 2021 G01"},"geometry":{"type":"Point","coordinates":[151.10677421385049,-33.85659180413438]}},{"type":"Feature","properties":{"sal_code":"11571","name":"Frenchs Forest","population":14267,"size_band":"major_town","source":"ABS SAL 2021 + Census 2021 G01"},"geometry":{"type":"Point","coordinates":[151.23353415228934,-33.75137210147887]}},{"type":"Feature","properties":{"sal_code":"11553","name":"Forster (NSW)","population":14187,"size_band":"major_town","source":"ABS SAL 2021 + Census 2021 G01"},"geometry":{"type":"Point","coordinates":[152.53287062220377,-32.2237366190311]}},{"type":"Feature","properties":{"sal_code":"11306","name":"Dulwich Hill","population":14046,"size_band":"major_town","source":"ABS SAL 2021 + Census 2021 G01"},"geometry":{"type":"Point","coordinates":[151.13827596322983,-33.90469766114717]}},{"type":"Feature","properties":{"sal_code":"13015","name":"North Ryde","population":14043,"size_band":"major_town","source":"ABS SAL 2021 + Census 2021 G01"},"geometry":{"type":"Point","coordinates":[151.13426726451206,-33.7967306163812]}},{"type":"Feature","properties":{"sal_code":"12442","name":"Macquarie Fields","population":14023,"size_band":"major_town","source":"ABS SAL 2021 + Census 2021 G01"},"geometry":{"type":"Point","coordinates":[150.88973518746056,-33.99110613595751]}},{"type":"Feature","properties":{"sal_code":"13131","name":"Padstow","population":14017,"size_band":"major_town","source":"ABS SAL 2021 + Census 2021 G01"},"geometry":{"type":"Point","coordinates":[151.03068226319897,-33.94978911628528]}},{"type":"Feature","properties":{"sal_code":"10898","name":"Chester Hill","population":14007,"size_band":"major_town","source":"ABS SAL 2021 + Census 2021 G01"},"geometry":{"type":"Point","coordinates":[150.99733511371466,-33.880691588430594]}},{"type":"Feature","properties":{"sal_code":"12653","name":"Minto","population":13940,"size_band":"major_town","source":"ABS SAL 2021 + Census 2021 G01"},"geometry":{"type":"Point","coordinates":[150.8463878440114,-34.03163616122191]}},{"type":"Feature","properties":{"sal_code":"10025","name":"Albion Park","population":13826,"size_band":"major_town","source":"ABS SAL 2021 + Census 2021 G01"},"geometry":{"type":"Point","coordinates":[150.77615000386066,-34.582295710439155]}},{"type":"Feature","properties":{"sal_code":"10279","name":"Belmore","population":13781,"size_band":"major_town","source":"ABS SAL 2021 + Census 2021 G01"},"geometry":{"type":"Point","coordinates":[151.08774347372673,-33.91865283393985]}},{"type":"Feature","properties":{"sal_code":"11277","name":"Doonside","population":13614,"size_band":"major_town","source":"ABS SAL 2021 + Census 2021 G01"},"geometry":{"type":"Point","coordinates":[150.87006788316012,-33.75500923508609]}},{"type":"Feature","properties":{"sal_code":"10884","name":"Charlestown (NSW)","population":13601,"size_band":"major_town","source":"ABS SAL 2021 + Census 2021 G01"},"geometry":{"type":"Point","coordinates":[151.69318061613302,-32.968284507051656]}},{"type":"Feature","properties":{"sal_code":"13419","name":"Rosebery (NSW)","population":13533,"size_band":"major_town","source":"ABS SAL 2021 + Census 2021 G01"},"geometry":{"type":"Point","coordinates":[151.2048529988162,-33.9186635400859]}},{"type":"Feature","properties":{"sal_code":"13155","name":"Panania","population":13507,"size_band":"major_town","source":"ABS SAL 2021 + Census 2021 G01"},"geometry":{"type":"Point","coordinates":[151.00003558420602,-33.95492950084215]}},{"type":"Feature","properties":{"sal_code":"12164","name":"Kingsford (NSW)","population":13492,"size_band":"major_town","source":"ABS SAL 2021 + Census 2021 G01"},"geometry":{"type":"Point","coordinates":[151.23389535228867,-33.92610060590081]}},{"type":"Feature","properties":{"sal_code":"13340","name":"Raymond Terrace","population":13453,"size_band":"major_town","source":"ABS SAL 2021 + Census 2021 G01"},"geometry":{"type":"Point","coordinates":[151.76648068732317,-32.72883648189159]}},{"type":"Feature","properties":{"sal_code":"11717","name":"Goonellabah","population":13351,"size_band":"major_town","source":"ABS SAL 2021 + Census 2021 G01"},"geometry":{"type":"Point","coordinates":[153.3339250059828,-28.812753437545126]}},{"type":"Feature","properties":{"sal_code":"11866","name":"Harrington Park","population":13332,"size_band":"major_town","source":"ABS SAL 2021 + Census 2021 G01"},"geometry":{"type":"Point","coordinates":[150.7368167068001,-34.02560850629849]}},{"type":"Feature","properties":{"sal_code":"13658","name":"St Marys (NSW)","population":13256,"size_band":"major_town","source":"ABS SAL 2021 + Census 2021 G01"},"geometry":{"type":"Point","coordinates":[150.7708482683263,-33.75906324801021]}},{"type":"Feature","properties":{"sal_code":"14136","name":"Wallsend","population":13244,"size_band":"major_town","source":"ABS SAL 2021 + Census 2021 G01"},"geometry":{"type":"Point","coordinates":[151.66403780585884,-32.90102249677715]}},{"type":"Feature","properties":{"sal_code":"14268","name":"West Ryde","population":13171,"size_band":"major_town","source":"ABS SAL 2021 + Census 2021 G01"},"geometry":{"type":"Point","coordinates":[151.0862907811313,-33.806304506413134]}},{"type":"Feature","properties":{"sal_code":"10815","name":"Caringbah South","population":13168,"size_band":"major_town","source":"ABS SAL 2021 + Census 2021 G01"},"geometry":{"type":"Point","coordinates":[151.12143335025488,-34.05314027639289]}},{"type":"Feature","properties":{"sal_code":"13575","name":"Smithfield (NSW)","population":13160,"size_band":"major_town","source":"ABS SAL 2021 + Census 2021 G01"},"geometry":{"type":"Point","coordinates":[150.9408492444819,-33.84836314105948]}},{"type":"Feature","properties":{"sal_code":"13464","name":"Rutherford","population":13091,"size_band":"major_town","source":"ABS SAL 2021 + Census 2021 G01"},"geometry":{"type":"Point","coordinates":[151.51450838849104,-32.71156679185851]}},{"type":"Feature","properties":{"sal_code":"12296","name":"Lavington","population":13073,"size_band":"major_town","source":"ABS SAL 2021 + Census 2021 G01"},"geometry":{"type":"Point","coordinates":[146.93586083568715,-36.0370726313154]}},{"type":"Feature","properties":{"sal_code":"13352","name":"Redfern","population":13072,"size_band":"major_town","source":"ABS SAL 2021 + Census 2021 G01"},"geometry":{"type":"Point","coordinates":[151.20721254608077,-33.893135455864865]}},{"type":"Feature","properties":{"sal_code":"11001","name":"Condell Park","population":13066,"size_band":"major_town","source":"ABS SAL 2021 + Census 2021 G01"},"geometry":{"type":"Point","coordinates":[151.01161941279528,-33.92599100078061]}},{"type":"Feature","properties":{"sal_code":"11483","name":"Fairfield West","population":12981,"size_band":"major_town","source":"ABS SAL 2021 + Census 2021 G01"},"geometry":{"type":"Point","coordinates":[150.92318975658822,-33.87024071624085]}},{"type":"Feature","properties":{"sal_code":"10515","name":"Botany","population":12960,"size_band":"major_town","source":"ABS SAL 2021 + Census 2021 G01"},"geometry":{"type":"Point","coordinates":[151.19881430877894,-33.94760277300937]}},{"type":"Feature","properties":{"sal_code":"11762","name":"Green Valley (NSW)","population":12919,"size_band":"major_town","source":"ABS SAL 2021 + Census 2021 G01"},"geometry":{"type":"Point","coordinates":[150.86989023232954,-33.90262542098699]}},{"type":"Feature","properties":{"sal_code":"12166","name":"Kingsgrove","population":12881,"size_band":"major_town","source":"ABS SAL 2021 + Census 2021 G01"},"geometry":{"type":"Point","coordinates":[151.09955843883864,-33.939564432333235]}},{"type":"Feature","properties":{"sal_code":"11642","name":"Gladesville","population":12867,"size_band":"major_town","source":"ABS SAL 2021 + Census 2021 G01"},"geometry":{"type":"Point","coordinates":[151.12645022821596,-33.82801282242629]}},{"type":"Feature","properties":{"sal_code":"13998","name":"Turramurra","population":12850,"size_band":"major_town","source":"ABS SAL 2021 + Census 2021 G01"},"geometry":{"type":"Point","coordinates":[151.12752069933603,-33.73444000140533]}},{"type":"Feature","properties":{"sal_code":"13386","name":"Riverwood","population":12793,"size_band":"major_town","source":"ABS SAL 2021 + Census 2021 G01"},"geometry":{"type":"Point","coordinates":[151.0527227080709,-33.94510060586993]}},{"type":"Feature","properties":{"sal_code":"13820","name":"Terrigal","population":12730,"size_band":"major_town","source":"ABS SAL 2021 + Census 2021 G01"},"geometry":{"type":"Point","coordinates":[151.42812500556792,-33.44580749665646]}},{"type":"Feature","properties":{"sal_code":"14244","name":"Wentworth Point","population":12703,"size_band":"major_town","source":"ABS SAL 2021 + Census 2021 G01"},"geometry":{"type":"Point","coordinates":[151.07771570327924,-33.826609510231435]}},{"type":"Feature","properties":{"sal_code":"13126","name":"Paddington (NSW)","population":12701,"size_band":"major_town","source":"ABS SAL 2021 + Census 2021 G01"},"geometry":{"type":"Point","coordinates":[151.22803283445515,-33.883336441478534]}},{"type":"Feature","properties":{"sal_code":"11438","name":"Ermington","population":12686,"size_band":"major_town","source":"ABS SAL 2021 + Census 2021 G01"},"geometry":{"type":"Point","coordinates":[151.0605424734488,-33.810899095406974]}},{"type":"Feature","properties":{"sal_code":"13297","name":"Pyrmont","population":12658,"size_band":"major_town","source":"ABS SAL 2021 + Census 2021 G01"},"geometry":{"type":"Point","coordinates":[151.19248648878101,-33.86853966986306]}},{"type":"Feature","properties":{"sal_code":"14542","name":"Zetland","population":12622,"size_band":"major_town","source":"ABS SAL 2021 + Census 2021 G01"},"geometry":{"type":"Point","coordinates":[151.20811865963992,-33.907688965848145]}},{"type":"Feature","properties":{"sal_code":"13197","name":"Penshurst (NSW)","population":12592,"size_band":"major_town","source":"ABS SAL 2021 + Census 2021 G01"},"geometry":{"type":"Point","coordinates":[151.08475332350568,-33.96184562698485]}},{"type":"Feature","properties":{"sal_code":"10814","name":"Caringbah","population":12575,"size_band":"major_town","source":"ABS SAL 2021 + Census 2021 G01"},"geometry":{"type":"Point","coordinates":[151.12423190869038,-34.03516370023072]}},{"type":"Feature","properties":{"sal_code":"10227","name":"Bateau Bay","population":12516,"size_band":"major_town","source":"ABS SAL 2021 + Census 2021 G01"},"geometry":{"type":"Point","coordinates":[151.47127500352218,-33.386281274469184]}},{"type":"Feature","properties":{"sal_code":"12516","name":"Marsfield","population":12492,"size_band":"major_town","source":"ABS SAL 2021 + Census 2021 G01"},"geometry":{"type":"Point","coordinates":[151.10508785866992,-33.782913842338814]}},{"type":"Feature","properties":{"sal_code":"14434","name":"Woonona","population":12374,"size_band":"major_town","source":"ABS SAL 2021 + Census 2021 G01"},"geometry":{"type":"Point","coordinates":[150.90338140241514,-34.34964599578345]}},{"type":"Feature","properties":{"sal_code":"12275","name":"Lane Cove","population":12363,"size_band":"major_town","source":"ABS SAL 2021 + Census 2021 G01"},"geometry":{"type":"Point","coordinates":[151.16497830420187,-33.81805699140371]}},{"type":"Feature","properties":{"sal_code":"13423","name":"Roselands","population":12356,"size_band":"major_town","source":"ABS SAL 2021 + Census 2021 G01"},"geometry":{"type":"Point","coordinates":[151.07416467284267,-33.93329350615662]}},{"type":"Feature","properties":{"sal_code":"11518","name":"Figtree","population":12335,"size_band":"major_town","source":"ABS SAL 2021 + Census 2021 G01"},"geometry":{"type":"Point","coordinates":[150.85004156895306,-34.43124824355794]}},{"type":"Feature","properties":{"sal_code":"10790","name":"Canley Heights","population":12320,"size_band":"major_town","source":"ABS SAL 2021 + Census 2021 G01"},"geometry":{"type":"Point","coordinates":[150.9248471051683,-33.88198089100962]}},{"type":"Feature","properties":{"sal_code":"12879","name":"Muswellbrook","population":12272,"size_band":"major_town","source":"ABS SAL 2021 + Census 2021 G01"},"geometry":{"type":"Point","coordinates":[150.89994801714468,-32.310528021930686]}},{"type":"Feature","properties":{"sal_code":"14353","name":"Winston Hills","population":12123,"size_band":"major_town","source":"ABS SAL 2021 + Census 2021 G01"},"geometry":{"type":"Point","coordinates":[150.98172902723667,-33.77691668139054]}},{"type":"Feature","properties":{"sal_code":"11386","name":"Edmondson Park","population":12080,"size_band":"major_town","source":"ABS SAL 2021 + Census 2021 G01"},"geometry":{"type":"Point","coordinates":[150.85984513787184,-33.96406516593622]}},{"type":"Feature","properties":{"sal_code":"13179","name":"Peakhurst","population":12079,"size_band":"major_town","source":"ABS SAL 2021 + Census 2021 G01"},"geometry":{"type":"Point","coordinates":[151.05695909288215,-33.96180511594925]}},{"type":"Feature","properties":{"sal_code":"13011","name":"North Parramatta","population":12064,"size_band":"major_town","source":"ABS SAL 2021 + Census 2021 G01"},"geometry":{"type":"Point","coordinates":[151.0116991230054,-33.795536059329756]}},{"type":"Feature","properties":{"sal_code":"11990","name":"Inverell","population":12057,"size_band":"major_town","source":"ABS SAL 2021 + Census 2021 G01"},"geometry":{"type":"Point","coordinates":[151.1127100216348,-29.762325145453648]}},{"type":"Feature","properties":{"sal_code":"10087","name":"Arncliffe","population":12023,"size_band":"major_town","source":"ABS SAL 2021 + Census 2021 G01"},"geometry":{"type":"Point","coordinates":[151.14776674864814,-33.93868015107258]}},{"type":"Feature","properties":{"sal_code":"11296","name":"Drummoyne","population":12011,"size_band":"major_town","source":"ABS SAL 2021 + Census 2021 G01"},"geometry":{"type":"Point","coordinates":[151.15284140804494,-33.852048486243035]}},{"type":"Feature","properties":{"sal_code":"13612","name":"South Penrith","population":12005,"size_band":"major_town","source":"ABS SAL 2021 + Census 2021 G01"},"geometry":{"type":"Point","coordinates":[150.69934633058585,-33.77340429079629]}},{"type":"Feature","properties":{"sal_code":"12107","name":"Kensington (NSW)","population":11927,"size_band":"major_town","source":"ABS SAL 2021 + Census 2021 G01"},"geometry":{"type":"Point","coordinates":[151.22388006842374,-33.911448643425224]}},{"type":"Feature","properties":{"sal_code":"11363","name":"East Maitland","population":11860,"size_band":"major_town","source":"ABS SAL 2021 + Census 2021 G01"},"geometry":{"type":"Point","coordinates":[151.58779310747298,-32.75911749781563]}},{"type":"Feature","properties":{"sal_code":"12584","name":"Merewether","population":11788,"size_band":"major_town","source":"ABS SAL 2021 + Census 2021 G01"},"geometry":{"type":"Point","coordinates":[151.74229299313936,-32.94816035872877]}},{"type":"Feature","properties":{"sal_code":"12756","name":"Mount Annan","population":11784,"size_band":"major_town","source":"ABS SAL 2021 + Census 2021 G01"},"geometry":{"type":"Point","coordinates":[150.7627618802771,-34.06403350608168]}},{"type":"Feature","properties":{"sal_code":"13294","name":"Pymble","population":11775,"size_band":"major_town","source":"ABS SAL 2021 + Census 2021 G01"},"geometry":{"type":"Point","coordinates":[151.14106437968576,-33.74510698649524]}},{"type":"Feature","properties":{"sal_code":"12276","name":"Lane Cove North","population":11773,"size_band":"major_town","source":"ABS SAL 2021 + Census 2021 G01"},"geometry":{"type":"Point","coordinates":[151.16147912542175,-33.805696506299284]}},{"type":"Feature","properties":{"sal_code":"12050","name":"Jordan Springs","population":11772,"size_band":"major_town","source":"ABS SAL 2021 + Census 2021 G01"},"geometry":{"type":"Point","coordinates":[150.74176947738928,-33.7275719908039]}},{"type":"Feature","properties":{"sal_code":"11645","name":"Glebe (NSW)","population":11680,"size_band":"major_town","source":"ABS SAL 2021 + Census 2021 G01"},"geometry":{"type":"Point","coordinates":[151.18724139202538,-33.87781342132358]}},{"type":"Feature","properties":{"sal_code":"11936","name":"Homebush (NSW)","population":11660,"size_band":"major_town","source":"ABS SAL 2021 + Census 2021 G01"},"geometry":{"type":"Point","coordinates":[151.0808552334506,-33.8604146199732]}},{"type":"Feature","properties":{"sal_code":"13716","name":"Sutherland (NSW)","population":11570,"size_band":"major_town","source":"ABS SAL 2021 + Census 2021 G01"},"geometry":{"type":"Point","coordinates":[151.0547876169054,-34.03268596119421]}},{"type":"Feature","properties":{"sal_code":"11922","name":"Hinchinbrook (NSW)","population":11521,"size_band":"major_town","source":"ABS SAL 2021 + Census 2021 G01"},"geometry":{"type":"Point","coordinates":[150.8617888235504,-33.917534649266166]}},{"type":"Feature","properties":{"sal_code":"10463","name":"Bondi Beach","population":11513,"size_band":"major_town","source":"ABS SAL 2021 + Census 2021 G01"},"geometry":{"type":"Point","coordinates":[151.27387870801812,-33.89094786110234]}},{"type":"Feature","properties":{"sal_code":"12823","name":"Mudgee","population":11457,"size_band":"major_town","source":"ABS SAL 2021 + Census 2021 G01"},"geometry":{"type":"Point","coordinates":[149.57256860813888,-32.61659100122315]}},{"type":"Feature","properties":{"sal_code":"13372","name":"Rhodes","population":11453,"size_band":"major_town","source":"ABS SAL 2021 + Census 2021 G01"},"geometry":{"type":"Point","coordinates":[151.0887012736523,-33.82891200006346]}},{"type":"Feature","properties":{"sal_code":"12723","name":"Moorebank","population":11408,"size_band":"major_town","source":"ABS SAL 2021 + Census 2021 G01"},"geometry":{"type":"Point","coordinates":[150.9565863277862,-33.94372701101694]}},{"type":"Feature","properties":{"sal_code":"13444","name":"Rouse Hill","population":11349,"size_band":"major_town","source":"ABS SAL 2021 + Census 2021 G01"},"geometry":{"type":"Point","coordinates":[150.90756808613676,-33.67756950639191]}},{"type":"Feature","properties":{"sal_code":"13162","name":"Parkes (NSW)","population":11324,"size_band":"major_town","source":"ABS SAL 2021 + Census 2021 G01"},"geometry":{"type":"Point","coordinates":[148.26350911135575,-33.11748627070073]}},{"type":"Feature","properties":{"sal_code":"11113","name":"Cremorne (NSW)","population":11263,"size_band":"major_town","source":"ABS SAL 2021 + Census 2021 G01"},"geometry":{"type":"Point","coordinates":[151.2251171231301,-33.829590927582835]}},{"type":"Feature","properties":{"sal_code":"13033","name":"Northmead","population":11261,"size_band":"major_town","source":"ABS SAL 2021 + Census 2021 G01"},"geometry":{"type":"Point","coordinates":[150.99349117320654,-33.790104766257286]}},{"type":"Feature","properties":{"sal_code":"14443","name":"Woy Woy","population":11072,"size_band":"major_town","source":"ABS SAL 2021 + Census 2021 G01"},"geometry":{"type":"Point","coordinates":[151.27715172245072,-33.50803509120242]}},{"type":"Feature","properties":{"sal_code":"12446","name":"Macquarie Park","population":11071,"size_band":"major_town","source":"ABS SAL 2021 + Census 2021 G01"},"geometry":{"type":"Point","coordinates":[151.12424670573978,-33.77879670145409]}},{"type":"Feature","properties":{"sal_code":"13873","name":"Thurgoona","population":11028,"size_band":"major_town","source":"ABS SAL 2021 + Census 2021 G01"},"geometry":{"type":"Point","coordinates":[146.98849423580643,-36.05578182322753]}},{"type":"Feature","properties":{"sal_code":"12181","name":"Kirrawee","population":11007,"size_band":"major_town","source":"ABS SAL 2021 + Census 2021 G01"},"geometry":{"type":"Point","coordinates":[151.07223590368937,-34.034134210148665]}},{"type":"Feature","properties":{"sal_code":"11203","name":"Dapto","population":10954,"size_band":"major_town","source":"ABS SAL 2021 + Census 2021 G01"},"geometry":{"type":"Point","coordinates":[150.7950070187916,-34.50683587069554]}},{"type":"Feature","properties":{"sal_code":"12348","name":"Lindfield","population":10943,"size_band":"major_town","source":"ABS SAL 2021 + Census 2021 G01"},"geometry":{"type":"Point","coordinates":[151.15973908063154,-33.78063052131193]}},{"type":"Feature","properties":{"sal_code":"10842","name":"Casino","population":10930,"size_band":"major_town","source":"ABS SAL 2021 + Census 2021 G01"},"geometry":{"type":"Point","coordinates":[153.02751257221283,-28.846538090077978]}},{"type":"Feature","properties":{"sal_code":"11136","name":"Croydon Park (NSW)","population":10929,"size_band":"major_town","source":"ABS SAL 2021 + Census 2021 G01"},"geometry":{"type":"Point","coordinates":[151.10232969477778,-33.897318381265336]}},{"type":"Feature","properties":{"sal_code":"12097","name":"Kellyville Ridge","population":10890,"size_band":"major_town","source":"ABS SAL 2021 + Census 2021 G01"},"geometry":{"type":"Point","coordinates":[150.92052199375638,-33.70238345899317]}},{"type":"Feature","properties":{"sal_code":"12564","name":"Medowie","population":10879,"size_band":"major_town","source":"ABS SAL 2021 + Census 2021 G01"},"geometry":{"type":"Point","coordinates":[151.89037433435405,-32.73989403233002]}},{"type":"Feature","properties":{"sal_code":"12683","name":"Mona Vale","population":10877,"size_band":"major_town","source":"ABS SAL 2021 + Census 2021 G01"},"geometry":{"type":"Point","coordinates":[151.30257269392507,-33.67706035158484]}},{"type":"Feature","properties":{"sal_code":"13504","name":"Sans Souci","population":10864,"size_band":"major_town","source":"ABS SAL 2021 + Census 2021 G01"},"geometry":{"type":"Point","coordinates":[151.13523800826263,-33.9942265477643]}},{"type":"Feature","properties":{"sal_code":"10534","name":"Bowral","population":10764,"size_band":"major_town","source":"ABS SAL 2021 + Census 2021 G01"},"geometry":{"type":"Point","coordinates":[150.41986008358373,-34.48386049031588]}},{"type":"Feature","properties":{"sal_code":"11135","name":"Croydon (NSW)","population":10755,"size_band":"major_town","source":"ABS SAL 2021 + Census 2021 G01"},"geometry":{"type":"Point","coordinates":[151.1168994937271,-33.879031361925406]}},{"type":"Feature","properties":{"sal_code":"13732","name":"Sylvania","population":10749,"size_band":"major_town","source":"ABS SAL 2021 + Census 2021 G01"},"geometry":{"type":"Point","coordinates":[151.09656176056046,-34.01470835588719]}},{"type":"Feature","properties":{"sal_code":"12739","name":"Mortdale","population":10745,"size_band":"major_town","source":"ABS SAL 2021 + Census 2021 G01"},"geometry":{"type":"Point","coordinates":[151.07235107759024,-33.969081991215646]}},{"type":"Feature","properties":{"sal_code":"13867","name":"Thornton (NSW)","population":10690,"size_band":"major_town","source":"ABS SAL 2021 + Census 2021 G01"},"geometry":{"type":"Point","coordinates":[151.63910226779433,-32.78553005236509]}},{"type":"Feature","properties":{"sal_code":"13075","name":"Oatley","population":10664,"size_band":"major_town","source":"ABS SAL 2021 + Census 2021 G01"},"geometry":{"type":"Point","coordinates":[151.07215759754604,-33.98228239575269]}},{"type":"Feature","properties":{"sal_code":"14371","name":"Wolli Creek","population":10654,"size_band":"major_town","source":"ABS SAL 2021 + Census 2021 G01"},"geometry":{"type":"Point","coordinates":[151.15389346819327,-33.9307761874715]}},{"type":"Feature","properties":{"sal_code":"12951","name":"New Lambton","population":10651,"size_band":"major_town","source":"ABS SAL 2021 + Census 2021 G01"},"geometry":{"type":"Point","coordinates":[151.70938669996556,-32.92840084165807]}},{"type":"Feature","properties":{"sal_code":"12171","name":"Kingswood (Penrith - NSW)","population":10633,"size_band":"major_town","source":"ABS SAL 2021 + Census 2021 G01"},"geometry":{"type":"Point","coordinates":[150.72277814545865,-33.76148507074452]}},{"type":"Feature","properties":{"sal_code":"10818","name":"Carlton (NSW)","population":10631,"size_band":"major_town","source":"ABS SAL 2021 + Census 2021 G01"},"geometry":{"type":"Point","coordinates":[151.12140332316815,-33.971623948368055]}},{"type":"Feature","properties":{"sal_code":"12137","name":"Killara (NSW)","population":10620,"size_band":"major_town","source":"ABS SAL 2021 + Census 2021 G01"},"geometry":{"type":"Point","coordinates":[151.15672424111324,-33.76898834101521]}},{"type":"Feature","properties":{"sal_code":"11213","name":"Darlinghurst","population":10615,"size_band":"major_town","source":"ABS SAL 2021 + Census 2021 G01"},"geometry":{"type":"Point","coordinates":[151.21899503440025,-33.87939714650211]}},{"type":"Feature","properties":{"sal_code":"14536","name":"Young","population":10610,"size_band":"major_town","source":"ABS SAL 2021 + Census 2021 G01"},"geometry":{"type":"Point","coordinates":[148.36695858743528,-34.29907526961049]}},{"type":"Feature","properties":{"sal_code":"10271","name":"Bellevue Hill","population":10590,"size_band":"major_town","source":"ABS SAL 2021 + Census 2021 G01"},"geometry":{"type":"Point","coordinates":[151.2549822022489,-33.87975282629797]}},{"type":"Feature","properties":{"sal_code":"11739","name":"Grafton","population":10563,"size_band":"major_town","source":"ABS SAL 2021 + Census 2021 G01"},"geometry":{"type":"Point","coordinates":[152.936748176616,-29.674762564859805]}},{"type":"Feature","properties":{"sal_code":"11668","name":"Glenfield (NSW)","population":10536,"size_band":"major_town","source":"ABS SAL 2021 + Census 2021 G01"},"geometry":{"type":"Point","coordinates":[150.8928464153105,-33.97098642585821]}},{"type":"Feature","properties":{"sal_code":"10330","name":"Beverly Hills","population":10483,"size_band":"major_town","source":"ABS SAL 2021 + Census 2021 G01"},"geometry":{"type":"Point","coordinates":[151.07815434344596,-33.94710883541759]}},{"type":"Feature","properties":{"sal_code":"10165","name":"Balmain","population":10454,"size_band":"major_town","source":"ABS SAL 2021 + Census 2021 G01"},"geometry":{"type":"Point","coordinates":[151.18101666448612,-33.8583277615737]}},{"type":"Feature","properties":{"sal_code":"12796","name":"Mount Pritchard","population":10426,"size_band":"major_town","source":"ABS SAL 2021 + Census 2021 G01"},"geometry":{"type":"Point","coordinates":[150.90066278056514,-33.90435093607882]}},{"type":"Feature","properties":{"sal_code":"12578","name":"Menai","population":10419,"size_band":"major_town","source":"ABS SAL 2021 + Census 2021 G01"},"geometry":{"type":"Point","coordinates":[151.00274590831768,-34.002315291110996]}},{"type":"Feature","properties":{"sal_code":"10462","name":"Bondi","population":10411,"size_band":"major_town","source":"ABS SAL 2021 + Census 2021 G01"},"geometry":{"type":"Point","coordinates":[151.26382111619813,-33.89314453144735]}},{"type":"Feature","properties":{"sal_code":"10112","name":"Avalon Beach","population":10379,"size_band":"major_town","source":"ABS SAL 2021 + Census 2021 G01"},"geometry":{"type":"Point","coordinates":[151.32732333983952,-33.62898895628828]}},{"type":"Feature","properties":{"sal_code":"10465","name":"Bondi Junction","population":10361,"size_band":"major_town","source":"ABS SAL 2021 + Census 2021 G01"},"geometry":{"type":"Point","coordinates":[151.2500262381489,-33.89295672090347]}},{"type":"Feature","properties":{"sal_code":"11818","name":"Gunnedah","population":10359,"size_band":"major_town","source":"ABS SAL 2021 + Census 2021 G01"},"geometry":{"type":"Point","coordinates":[150.2100554623663,-31.002694492720178]}},{"type":"Feature","properties":{"sal_code":"13426","name":"Roseville","population":10340,"size_band":"major_town","source":"ABS SAL 2021 + Census 2021 G01"},"geometry":{"type":"Point","coordinates":[151.18498339750698,-33.78256357645922]}},{"type":"Feature","properties":{"sal_code":"10791","name":"Canley Vale","population":10300,"size_band":"major_town","source":"ABS SAL 2021 + Census 2021 G01"},"geometry":{"type":"Point","coordinates":[150.94665865750918,-33.88495360102031]}},{"type":"Feature","properties":{"sal_code":"10249","name":"Beecroft","population":10291,"size_band":"major_town","source":"ABS SAL 2021 + Census 2021 G01"},"geometry":{"type":"Point","coordinates":[151.0615947402097,-33.753419616269994]}},{"type":"Feature","properties":{"sal_code":"11380","name":"Edensor Park","population":10279,"size_band":"major_town","source":"ABS SAL 2021 + Census 2021 G01"},"geometry":{"type":"Point","coordinates":[150.87678035277955,-33.878841411192845]}},{"type":"Feature","properties":{"sal_code":"10224","name":"Bass Hill","population":10230,"size_band":"major_town","source":"ABS SAL 2021 + Census 2021 G01"},"geometry":{"type":"Point","coordinates":[150.9977400553801,-33.900281636300285]}},{"type":"Feature","properties":{"sal_code":"14263","name":"West Hoxton","population":10152,"size_band":"major_town","source":"ABS SAL 2021 + Census 2021 G01"},"geometry":{"type":"Point","coordinates":[150.8340480031604,-33.93558362534544]}},{"type":"Feature","properties":{"sal_code":"11099","name":"Cowra","population":10145,"size_band":"major_town","source":"ABS SAL 2021 + Census 2021 G01"},"geometry":{"type":"Point","coordinates":[148.65791822324738,-33.850287004987]}},{"type":"Feature","properties":{"sal_code":"14463","name":"Wyoming","population":10111,"size_band":"major_town","source":"ABS SAL 2021 + Census 2021 G01"},"geometry":{"type":"Point","coordinates":[151.36497292456303,-33.405338851226276]}},{"type":"Feature","properties":{"sal_code":"12943","name":"Neutral Bay","population":10090,"size_band":"major_town","source":"ABS SAL 2021 + Census 2021 G01"},"geometry":{"type":"Point","coordinates":[151.21821183372825,-33.835061612394675]}},{"type":"Feature","properties":{"sal_code":"13242","name":"Plumpton (NSW)","population":10070,"size_band":"major_town","source":"ABS SAL 2021 + Census 2021 G01"},"geometry":{"type":"Point","coordinates":[150.83626289651144,-33.75211283124343]}},{"type":"Feature","properties":{"sal_code":"12431","name":"Lurnea","population":10057,"size_band":"major_town","source":"ABS SAL 2021 + Census 2021 G01"},"geometry":{"type":"Point","coordinates":[150.89729016362875,-33.935820383425245]}},{"type":"Feature","properties":{"sal_code":"12098","name":"Kelso (NSW)","population":10039,"size_band":"major_town","source":"ABS SAL 2021 + Census 2021 G01"},"geometry":{"type":"Point","coordinates":[149.6226255034794,-33.41323857580565]}},{"type":"Feature","properties":{"sal_code":"14310","name":"Wiley Park","population":10016,"size_band":"major_town","source":"ABS SAL 2021 + Census 2021 G01"},"geometry":{"type":"Point","coordinates":[151.06765347345754,-33.92315710880936]}},{"type":"Feature","properties":{"sal_code":"12317","name":"Leumeah","population":9992,"size_band":"major_town","source":"ABS SAL 2021 + Census 2021 G01"},"geometry":{"type":"Point","coordinates":[150.83638329770903,-34.053751380887924]}},{"type":"Feature","properties":{"sal_code":"10774","name":"Cameron Park","population":9977,"size_band":"major_town","source":"ABS SAL 2021 + Census 2021 G01"},"geometry":{"type":"Point","coordinates":[151.61605934977774,-32.901215732237716]}},{"type":"Feature","properties":{"sal_code":"13039","name":"Nowra","population":9956,"size_band":"major_town","source":"ABS SAL 2021 + Census 2021 G01"},"geometry":{"type":"Point","coordinates":[150.60606949446304,-34.88069054144129]}},{"type":"Feature","properties":{"sal_code":"12534","name":"Matraville","population":9925,"size_band":"major_town","source":"ABS SAL 2021 + Census 2021 G01"},"geometry":{"type":"Point","coordinates":[151.22900183457566,-33.964033471417]}},{"type":"Feature","properties":{"sal_code":"13412","name":"Rose Bay (NSW)","population":9911,"size_band":"major_town","source":"ABS SAL 2021 + Census 2021 G01"},"geometry":{"type":"Point","coordinates":[151.26688563704323,-33.87416492119731]}},{"type":"Feature","properties":{"sal_code":"13628","name":"Spring Farm (NSW)","population":9868,"size_band":"major_town","source":"ABS SAL 2021 + Census 2021 G01"},"geometry":{"type":"Point","coordinates":[150.7261192333252,-34.06838650620797]}},{"type":"Feature","properties":{"sal_code":"11533","name":"Five Dock","population":9823,"size_band":"major_town","source":"ABS SAL 2021 + Census 2021 G01"},"geometry":{"type":"Point","coordinates":[151.12804820085069,-33.866616475920985]}},{"type":"Feature","properties":{"sal_code":"10469","name":"Bonnyrigg","population":9785,"size_band":"major_town","source":"ABS SAL 2021 + Census 2021 G01"},"geometry":{"type":"Point","coordinates":[150.8904701953142,-33.89332641125582]}},{"type":"Feature","properties":{"sal_code":"12540","name":"Mayfield (Newcastle - NSW)","population":9760,"size_band":"major_town","source":"ABS SAL 2021 + Census 2021 G01"},"geometry":{"type":"Point","coordinates":[151.73734886793656,-32.89787513581478]}},{"type":"Feature","properties":{"sal_code":"11605","name":"Georges Hall","population":9739,"size_band":"major_town","source":"ABS SAL 2021 + Census 2021 G01"},"geometry":{"type":"Point","coordinates":[150.98958869128802,-33.90770496077934]}},{"type":"Feature","properties":{"sal_code":"10163","name":"Ballina","population":9735,"size_band":"major_town","source":"ABS SAL 2021 + Census 2021 G01"},"geometry":{"type":"Point","coordinates":[153.55795651045952,-28.842721172689572]}},{"type":"Feature","properties":{"sal_code":"12965","name":"Newport (NSW)","population":9659,"size_band":"major_town","source":"ABS SAL 2021 + Census 2021 G01"},"geometry":{"type":"Point","coordinates":[151.31453011297646,-33.660080627572576]}},{"type":"Feature","properties":{"sal_code":"11442","name":"Erskineville","population":9657,"size_band":"major_town","source":"ABS SAL 2021 + Census 2021 G01"},"geometry":{"type":"Point","coordinates":[151.18670624135612,-33.90225831118288]}},{"type":"Feature","properties":{"sal_code":"10030","name":"Alexandria","population":9649,"size_band":"major_town","source":"ABS SAL 2021 + Census 2021 G01"},"geometry":{"type":"Point","coordinates":[151.19203131332486,-33.908202985846756]}},{"type":"Feature","properties":{"sal_code":"12025","name":"Jerrabomberra","population":9601,"size_band":"major_town","source":"ABS SAL 2021 + Census 2021 G01"},"geometry":{"type":"Point","coordinates":[149.1990523846663,-35.386168112278284]}},{"type":"Feature","properties":{"sal_code":"14089","name":"Vaucluse","population":9510,"size_band":"major_town","source":"ABS SAL 2021 + Census 2021 G01"},"geometry":{"type":"Point","coordinates":[151.27619134705517,-33.85596448141049]}},{"type":"Feature","properties":{"sal_code":"10062","name":"Annandale (NSW)","population":9487,"size_band":"major_town","source":"ABS SAL 2021 + Census 2021 G01"},"geometry":{"type":"Point","coordinates":[151.1697299231343,-33.88087658306611]}},{"type":"Feature","properties":{"sal_code":"11949","name":"Horsley","population":9437,"size_band":"major_town","source":"ABS SAL 2021 + Census 2021 G01"},"geometry":{"type":"Point","coordinates":[150.77605767052415,-34.48964983595891]}},{"type":"Feature","properties":{"sal_code":"10540","name":"Bradbury (NSW)","population":9433,"size_band":"major_town","source":"ABS SAL 2021 + Census 2021 G01"},"geometry":{"type":"Point","coordinates":[150.81688435026922,-34.084053375845016]}},{"type":"Feature","properties":{"sal_code":"10796","name":"Canterbury (NSW)","population":9430,"size_band":"major_town","source":"ABS SAL 2021 + Census 2021 G01"},"geometry":{"type":"Point","coordinates":[151.11709800343854,-33.91061526437164]}},{"type":"Feature","properties":{"sal_code":"12314","name":"Leppington","population":9423,"size_band":"major_town","source":"ABS SAL 2021 + Census 2021 G01"},"geometry":{"type":"Point","coordinates":[150.7989805035502,-33.97348734681185]}},{"type":"Feature","properties":{"sal_code":"10091","name":"Artarmon","population":9417,"size_band":"major_town","source":"ABS SAL 2021 + Census 2021 G01"},"geometry":{"type":"Point","coordinates":[151.18476422654402,-33.81194028134336]}},{"type":"Feature","properties":{"sal_code":"10907","name":"Chipping Norton","population":9412,"size_band":"major_town","source":"ABS SAL 2021 + Census 2021 G01"},"geometry":{"type":"Point","coordinates":[150.95681100811683,-33.914573108450675]}},{"type":"Feature","properties":{"sal_code":"10780","name":"Camperdown (NSW)","population":9381,"size_band":"major_town","source":"ABS SAL 2021 + Census 2021 G01"},"geometry":{"type":"Point","coordinates":[151.1822082473711,-33.88874656595658]}},{"type":"Feature","properties":{"sal_code":"12157","name":"Kings Langley","population":9354,"size_band":"major_town","source":"ABS SAL 2021 + Census 2021 G01"},"geometry":{"type":"Point","coordinates":[150.93704328384572,-33.75075209081561]}},{"type":"Feature","properties":{"sal_code":"13664","name":"Stanhope Gardens","population":9349,"size_band":"major_town","source":"ABS SAL 2021 + Census 2021 G01"},"geometry":{"type":"Point","coordinates":[150.92732800314965,-33.714845511321755]}},{"type":"Feature","properties":{"sal_code":"12750","name":"Moss Vale","population":9310,"size_band":"major_town","source":"ABS SAL 2021 + Census 2021 G01"},"geometry":{"type":"Point","coordinates":[150.39842199324585,-34.5483240002461]}},{"type":"Feature","properties":{"sal_code":"12994","name":"North Bondi","population":9290,"size_band":"major_town","source":"ABS SAL 2021 + Census 2021 G01"},"geometry":{"type":"Point","coordinates":[151.28100951318382,-33.885988071066556]}},{"type":"Feature","properties":{"sal_code":"11572","name":"Freshwater (NSW)","population":9186,"size_band":"major_town","source":"ABS SAL 2021 + Census 2021 G01"},"geometry":{"type":"Point","coordinates":[151.28396034773817,-33.77602539119453]}},{"type":"Feature","properties":{"sal_code":"14002","name":"Tweed Heads","population":9176,"size_band":"major_town","source":"ABS SAL 2021 + Census 2021 G01"},"geometry":{"type":"Point","coordinates":[153.5344590727569,-28.17773973565458]}},{"type":"Feature","properties":{"sal_code":"12302","name":"Leeton","population":9170,"size_band":"major_town","source":"ABS SAL 2021 + Census 2021 G01"},"geometry":{"type":"Point","coordinates":[146.3971107949474,-34.506015386421396]}},{"type":"Feature","properties":{"sal_code":"11780","name":"Gregory Hills","population":9142,"size_band":"major_town","source":"ABS SAL 2021 + Census 2021 G01"},"geometry":{"type":"Point","coordinates":[150.7765938991718,-34.03183611614653]}},{"type":"Feature","properties":{"sal_code":"13013","name":"North Rocks","population":9136,"size_band":"major_town","source":"ABS SAL 2021 + Census 2021 G01"},"geometry":{"type":"Point","coordinates":[151.01811920806787,-33.7757236765655]}},{"type":"Feature","properties":{"sal_code":"11237","name":"Denham Court","population":9129,"size_band":"major_town","source":"ABS SAL 2021 + Census 2021 G01"},"geometry":{"type":"Point","coordinates":[150.83081079826994,-33.982464546336416]}},{"type":"Feature","properties":{"sal_code":"11937","name":"Homebush West","population":9108,"size_band":"major_town","source":"ABS SAL 2021 + Census 2021 G01"},"geometry":{"type":"Point","coordinates":[151.06917861158738,-33.86290913135597]}},{"type":"Feature","properties":{"sal_code":"10243","name":"Beaumont Hills","population":9041,"size_band":"major_town","source":"ABS SAL 2021 + Census 2021 G01"},"geometry":{"type":"Point","coordinates":[150.94061750608807,-33.69788204592798]}},{"type":"Feature","properties":{"sal_code":"11961","name":"Hunters Hill","population":9014,"size_band":"major_town","source":"ABS SAL 2021 + Census 2021 G01"},"geometry":{"type":"Point","coordinates":[151.13835371151936,-33.82978671143128]}},{"type":"Feature","properties":{"sal_code":"13020","name":"North Sydney","population":8964,"size_band":"major_town","source":"ABS SAL 2021 + Census 2021 G01"},"geometry":{"type":"Point","coordinates":[151.2095833429477,-33.83543304735908]}},{"type":"Feature","properties":{"sal_code":"12733","name":"Moree","population":8962,"size_band":"major_town","source":"ABS SAL 2021 + Census 2021 G01"},"geometry":{"type":"Point","coordinates":[149.52548333257175,-29.305275998682315]}},{"type":"Feature","properties":{"sal_code":"10304","name":"Berkeley Vale","population":8951,"size_band":"major_town","source":"ABS SAL 2021 + Census 2021 G01"},"geometry":{"type":"Point","coordinates":[151.42517491841195,-33.32931525257169]}},{"type":"Feature","properties":{"sal_code":"13866","name":"Thornleigh","population":8898,"size_band":"major_town","source":"ABS SAL 2021 + Census 2021 G01"},"geometry":{"type":"Point","coordinates":[151.08106910794666,-33.720478369336135]}},{"type":"Feature","properties":{"sal_code":"14210","name":"Wattle Grove (NSW)","population":8886,"size_band":"major_town","source":"ABS SAL 2021 + Census 2021 G01"},"geometry":{"type":"Point","coordinates":[150.93950557322603,-33.953146902044644]}},{"type":"Feature","properties":{"sal_code":"11724","name":"Gordon (NSW)","population":8795,"size_band":"major_town","source":"ABS SAL 2021 + Census 2021 G01"},"geometry":{"type":"Point","coordinates":[151.1511133072548,-33.75742991614137]}},{"type":"Feature","properties":{"sal_code":"10987","name":"Colyton","population":8770,"size_band":"major_town","source":"ABS SAL 2021 + Census 2021 G01"},"geometry":{"type":"Point","coordinates":[150.7956507542192,-33.78217853582186]}},{"type":"Feature","properties":{"sal_code":"11850","name":"Hamlyn Terrace","population":8761,"size_band":"major_town","source":"ABS SAL 2021 + Census 2021 G01"},"geometry":{"type":"Point","coordinates":[151.47289645901677,-33.2532344063864]}},{"type":"Feature","properties":{"sal_code":"10299","name":"Berala","population":8757,"size_band":"major_town","source":"ABS SAL 2021 + Census 2021 G01"},"geometry":{"type":"Point","coordinates":[151.03344954319462,-33.87229825331783]}},{"type":"Feature","properties":{"sal_code":"10283","name":"Belrose","population":8726,"size_band":"major_town","source":"ABS SAL 2021 + Census 2021 G01"},"geometry":{"type":"Point","coordinates":[151.20944034732415,-33.72158516131101]}},{"type":"Feature","properties":{"sal_code":"11551","name":"Forestville (NSW)","population":8659,"size_band":"major_town","source":"ABS SAL 2021 + Census 2021 G01"},"geometry":{"type":"Point","coordinates":[151.2128401921968,-33.76172192644629]}},{"type":"Feature","properties":{"sal_code":"13383","name":"Riverstone","population":8627,"size_band":"major_town","source":"ABS SAL 2021 + Census 2021 G01"},"geometry":{"type":"Point","coordinates":[150.87078851976588,-33.67545071633838]}},{"type":"Feature","properties":{"sal_code":"11727","name":"Gorokan","population":8624,"size_band":"major_town","source":"ABS SAL 2021 + Census 2021 G01"},"geometry":{"type":"Point","coordinates":[151.50609003970663,-33.25377189647622]}},{"type":"Feature","properties":{"sal_code":"13450","name":"Rozelle","population":8553,"size_band":"major_town","source":"ABS SAL 2021 + Census 2021 G01"},"geometry":{"type":"Point","coordinates":[151.17338929398744,-33.86465094117475]}},{"type":"Feature","properties":{"sal_code":"12079","name":"Karabar","population":8517,"size_band":"major_town","source":"ABS SAL 2021 + Census 2021 G01"},"geometry":{"type":"Point","coordinates":[149.23505855367978,-35.37513250459022]}},{"type":"Feature","properties":{"sal_code":"12905","name":"Narara","population":8471,"size_band":"major_town","source":"ABS SAL 2021 + Census 2021 G01"},"geometry":{"type":"Point","coordinates":[151.3353047624428,-33.39552650176138]}},{"type":"Feature","properties":{"sal_code":"13644","name":"Springwood (NSW)","population":8423,"size_band":"major_town","source":"ABS SAL 2021 + Census 2021 G01"},"geometry":{"type":"Point","coordinates":[150.57478141835722,-33.70226870691177]}},{"type":"Feature","properties":{"sal_code":"10263","name":"Bella Vista","population":8384,"size_band":"major_town","source":"ABS SAL 2021 + Census 2021 G01"},"geometry":{"type":"Point","coordinates":[150.9535014780662,-33.741511761396374]}},{"type":"Feature","properties":{"sal_code":"14191","name":"Warriewood","population":8379,"size_band":"major_town","source":"ABS SAL 2021 + Census 2021 G01"},"geometry":{"type":"Point","coordinates":[151.2936184830057,-33.68906665665384]}},{"type":"Feature","properties":{"sal_code":"12162","name":"Kingscliff","population":8355,"size_band":"major_town","source":"ABS SAL 2021 + Census 2021 G01"},"geometry":{"type":"Point","coordinates":[153.5728795009274,-28.268517146617373]}},{"type":"Feature","properties":{"sal_code":"10566","name":"Brighton-Le-Sands","population":8336,"size_band":"major_town","source":"ABS SAL 2021 + Census 2021 G01"},"geometry":{"type":"Point","coordinates":[151.15434519322048,-33.958663271845474]}},{"type":"Feature","properties":{"sal_code":"11884","name":"Haymarket","population":8305,"size_band":"major_town","source":"ABS SAL 2021 + Census 2021 G01"},"geometry":{"type":"Point","coordinates":[151.204559593773,-33.881467783869866]}},{"type":"Feature","properties":{"sal_code":"11482","name":"Fairfield Heights","population":8269,"size_band":"major_town","source":"ABS SAL 2021 + Census 2021 G01"},"geometry":{"type":"Point","coordinates":[150.94079107856732,-33.867131320792716]}},{"type":"Feature","properties":{"sal_code":"12085","name":"Katoomba","population":8268,"size_band":"major_town","source":"ABS SAL 2021 + Census 2021 G01"},"geometry":{"type":"Point","coordinates":[150.2954549834408,-33.72071788616813]}},{"type":"Feature","properties":{"sal_code":"12911","name":"Narrabeen","population":8255,"size_band":"major_town","source":"ABS SAL 2021 + Census 2021 G01"},"geometry":{"type":"Point","coordinates":[151.2988618253516,-33.714210976464834]}},{"type":"Feature","properties":{"sal_code":"14171","name":"Warners Bay","population":8237,"size_band":"major_town","source":"ABS SAL 2021 + Census 2021 G01"},"geometry":{"type":"Point","coordinates":[151.6513705389683,-32.97109393684165]}},{"type":"Feature","properties":{"sal_code":"11833","name":"Gymea","population":8219,"size_band":"major_town","source":"ABS SAL 2021 + Census 2021 G01"},"geometry":{"type":"Point","coordinates":[151.08343205892794,-34.03467871918575]}},{"type":"Feature","properties":{"sal_code":"13202","name":"Petersham","population":8200,"size_band":"major_town","source":"ABS SAL 2021 + Census 2021 G01"},"geometry":{"type":"Point","coordinates":[151.15560150331498,-33.89487401814233]}},{"type":"Feature","properties":{"sal_code":"11539","name":"Forbes (NSW)","population":8157,"size_band":"major_town","source":"ABS SAL 2021 + Census 2021 G01"},"geometry":{"type":"Point","coordinates":[148.00036585502883,-33.389933300070396]}},{"type":"Feature","properties":{"sal_code":"11421","name":"Emu Plains","population":8126,"size_band":"major_town","source":"ABS SAL 2021 + Census 2021 G01"},"geometry":{"type":"Point","coordinates":[150.66860608217465,-33.74634596080464]}},{"type":"Feature","properties":{"sal_code":"14377","name":"Wollstonecraft","population":8115,"size_band":"major_town","source":"ABS SAL 2021 + Census 2021 G01"},"geometry":{"type":"Point","coordinates":[151.19681672328505,-33.83315023128319]}},{"type":"Feature","properties":{"sal_code":"10154","name":"Balgowlah","population":8068,"size_band":"major_town","source":"ABS SAL 2021 + Census 2021 G01"},"geometry":{"type":"Point","coordinates":[151.26129822646877,-33.79452889639621]}},{"type":"Feature","properties":{"sal_code":"11119","name":"Cromer (NSW)","population":8030,"size_band":"major_town","source":"ABS SAL 2021 + Census 2021 G01"},"geometry":{"type":"Point","coordinates":[151.26831733870537,-33.72993287098118]}},{"type":"Feature","properties":{"sal_code":"11536","name":"Fletcher (NSW)","population":8014,"size_band":"major_town","source":"ABS SAL 2021 + Census 2021 G01"},"geometry":{"type":"Point","coordinates":[151.64398805819926,-32.870983910298015]}},{"type":"Feature","properties":{"sal_code":"13424","name":"Rosemeadow","population":8007,"size_band":"major_town","source":"ABS SAL 2021 + Census 2021 G01"},"geometry":{"type":"Point","coordinates":[150.7918078836046,-34.10518359794334]}},{"type":"Feature","properties":{"sal_code":"10970","name":"Collaroy (NSW)","population":7944,"size_band":"major_town","source":"ABS SAL 2021 + Census 2021 G01"},"geometry":{"type":"Point","coordinates":[151.29940086842103,-33.73559200095863]}},{"type":"Feature","properties":{"sal_code":"14003","name":"Tweed Heads South","population":7941,"size_band":"major_town","source":"ABS SAL 2021 + Census 2021 G01"},"geometry":{"type":"Point","coordinates":[153.5371882803542,-28.198757500803573]}},{"type":"Feature","properties":{"sal_code":"12124","name":"Kiama","population":7904,"size_band":"major_town","source":"ABS SAL 2021 + Census 2021 G01"},"geometry":{"type":"Point","coordinates":[150.8454891792826,-34.67396671764719]}},{"type":"Feature","properties":{"sal_code":"11331","name":"Dural (Hornsby - NSW)","population":7900,"size_band":"major_town","source":"ABS SAL 2021 + Census 2021 G01"},"geometry":{"type":"Point","coordinates":[151.04880533298322,-33.68508434163355]}},{"type":"Feature","properties":{"sal_code":"11394","name":"Elderslie (Camden - NSW)","population":7878,"size_band":"major_town","source":"ABS SAL 2021 + Census 2021 G01"},"geometry":{"type":"Point","coordinates":[150.7176957812117,-34.057699005861636]}},{"type":"Feature","properties":{"sal_code":"13487","name":"Sanctuary Point","population":7874,"size_band":"major_town","source":"ABS SAL 2021 + Census 2021 G01"},"geometry":{"type":"Point","coordinates":[150.62725401015922,-35.102812465120195]}},{"type":"Feature","properties":{"sal_code":"14104","name":"Waitara","population":7837,"size_band":"major_town","source":"ABS SAL 2021 + Census 2021 G01"},"geometry":{"type":"Point","coordinates":[151.1055431715683,-33.70948697634341]}},{"type":"Feature","properties":{"sal_code":"12270","name":"Lalor Park","population":7834,"size_band":"major_town","source":"ABS SAL 2021 + Census 2021 G01"},"geometry":{"type":"Point","coordinates":[150.9314526752689,-33.7606508958554]}},{"type":"Feature","properties":{"sal_code":"12495","name":"Marayong","population":7834,"size_band":"major_town","source":"ABS SAL 2021 + Census 2021 G01"},"geometry":{"type":"Point","coordinates":[150.8918597031075,-33.749246246285495]}},{"type":"Feature","properties":{"sal_code":"10739","name":"Cabramatta West","population":7822,"size_band":"major_town","source":"ABS SAL 2021 + Census 2021 G01"},"geometry":{"type":"Point","coordinates":[150.91192267306977,-33.89292241093037]}},{"type":"Feature","properties":{"sal_code":"12761","name":"Mount Colah","population":7816,"size_band":"major_town","source":"ABS SAL 2021 + Census 2021 G01"},"geometry":{"type":"Point","coordinates":[151.11550303117684,-33.664909801229726]}},{"type":"Feature","properties":{"sal_code":"10238","name":"Beacon Hill","population":7814,"size_band":"major_town","source":"ABS SAL 2021 + Census 2021 G01"},"geometry":{"type":"Point","coordinates":[151.25904054546243,-33.75131676141201]}},{"type":"Feature","properties":{"sal_code":"10906","name":"Chippendale","population":7803,"size_band":"major_town","source":"ABS SAL 2021 + Census 2021 G01"},"geometry":{"type":"Point","coordinates":[151.20009888256726,-33.88626001640749]}},{"type":"Feature","properties":{"sal_code":"10303","name":"Berkeley","population":7798,"size_band":"major_town","source":"ABS SAL 2021 + Census 2021 G01"},"geometry":{"type":"Point","coordinates":[150.84290437856222,-34.481383740607924]}},{"type":"Feature","properties":{"sal_code":"13193","name":"Pendle Hill","population":7743,"size_band":"major_town","source":"ABS SAL 2021 + Census 2021 G01"},"geometry":{"type":"Point","coordinates":[150.95535284837464,-33.80409337140163]}},{"type":"Feature","properties":{"sal_code":"12524","name":"Maryland (Newcastle - NSW)","population":7714,"size_band":"major_town","source":"ABS SAL 2021 + Census 2021 G01"},"geometry":{"type":"Point","coordinates":[151.66321120308388,-32.8813681573068]}},{"type":"Feature","properties":{"sal_code":"12312","name":"Lennox Head","population":7687,"size_band":"major_town","source":"ABS SAL 2021 + Census 2021 G01"},"geometry":{"type":"Point","coordinates":[153.5825168707389,-28.78911352348642]}},{"type":"Feature","properties":{"sal_code":"12334","name":"Lilyfield","population":7641,"size_band":"major_town","source":"ABS SAL 2021 + Census 2021 G01"},"geometry":{"type":"Point","coordinates":[151.16031927372745,-33.87112200149309]}},{"type":"Feature","properties":{"sal_code":"13665","name":"Stanmore (NSW)","population":7619,"size_band":"major_town","source":"ABS SAL 2021 + Census 2021 G01"},"geometry":{"type":"Point","coordinates":[151.16437772653552,-33.89370428147287]}},{"type":"Feature","properties":{"sal_code":"12877","name":"Murwillumbah","population":7616,"size_band":"major_town","source":"ABS SAL 2021 + Census 2021 G01"},"geometry":{"type":"Point","coordinates":[153.3792649016653,-28.329767000635844]}},{"type":"Feature","properties":{"sal_code":"13547","name":"Shell Cove","population":7591,"size_band":"major_town","source":"ABS SAL 2021 + Census 2021 G01"},"geometry":{"type":"Point","coordinates":[150.8738224538738,-34.59650212461423]}},{"type":"Feature","properties":{"sal_code":"13194","name":"Pennant Hills","population":7588,"size_band":"major_town","source":"ABS SAL 2021 + Census 2021 G01"},"geometry":{"type":"Point","coordinates":[151.0711880620296,-33.73636026623146]}},{"type":"Feature","properties":{"sal_code":"11487","name":"Fairy Meadow","population":7512,"size_band":"major_town","source":"ABS SAL 2021 + Census 2021 G01"},"geometry":{"type":"Point","coordinates":[150.8898622685305,-34.396885496125684]}},{"type":"Feature","properties":{"sal_code":"12139","name":"Killarney Vale","population":7491,"size_band":"major_town","source":"ABS SAL 2021 + Census 2021 G01"},"geometry":{"type":"Point","coordinates":[151.46290763053696,-33.366291756266946]}},{"type":"Feature","properties":{"sal_code":"11710","name":"Googong","population":7444,"size_band":"major_town","source":"ABS SAL 2021 + Census 2021 G01"},"geometry":{"type":"Point","coordinates":[149.22542549488338,-35.43952406765832]}},{"type":"Feature","properties":{"sal_code":"10406","name":"Blaxland (NSW)","population":7434,"size_band":"major_town","source":"ABS SAL 2021 + Census 2021 G01"},"geometry":{"type":"Point","coordinates":[150.6173405278738,-33.7449983912366]}},{"type":"Feature","properties":{"sal_code":"11239","name":"Deniliquin","population":7432,"size_band":"major_town","source":"ABS SAL 2021 + Census 2021 G01"},"geometry":{"type":"Point","coordinates":[144.85132341329697,-35.547807993364074]}},{"type":"Feature","properties":{"sal_code":"11982","name":"Illawong","population":7427,"size_band":"major_town","source":"ABS SAL 2021 + Census 2021 G01"},"geometry":{"type":"Point","coordinates":[151.0392614337754,-33.9989290863321]}},{"type":"Feature","properties":{"sal_code":"14024","name":"Ultimo","population":7410,"size_band":"major_town","source":"ABS SAL 2021 + Census 2021 G01"},"geometry":{"type":"Point","coordinates":[151.19845409333314,-33.879974375527894]}},{"type":"Feature","properties":{"sal_code":"12202","name":"Kooringal (NSW)","population":7404,"size_band":"major_town","source":"ABS SAL 2021 + Census 2021 G01"},"geometry":{"type":"Point","coordinates":[147.37413538538482,-35.143989498283176]}},{"type":"Feature","properties":{"sal_code":"12149","name":"Kincumber","population":7398,"size_band":"major_town","source":"ABS SAL 2021 + Census 2021 G01"},"geometry":{"type":"Point","coordinates":[151.3978951269005,-33.472523351344506]}},{"type":"Feature","properties":{"sal_code":"13524","name":"Seaforth (NSW)","population":7384,"size_band":"major_town","source":"ABS SAL 2021 + Census 2021 G01"},"geometry":{"type":"Point","coordinates":[151.24309780365368,-33.79456126236146]}},{"type":"Feature","properties":{"sal_code":"10470","name":"Bonnyrigg Heights","population":7369,"size_band":"major_town","source":"ABS SAL 2021 + Census 2021 G01"},"geometry":{"type":"Point","coordinates":[150.87046325686944,-33.8910254107845]}},{"type":"Feature","properties":{"sal_code":"12912","name":"Narrabri","population":7327,"size_band":"major_town","source":"ABS SAL 2021 + Census 2021 G01"},"geometry":{"type":"Point","coordinates":[149.7879360853808,-30.22649268835666]}},{"type":"Feature","properties":{"sal_code":"10036","name":"Allambie Heights","population":7317,"size_band":"major_town","source":"ABS SAL 2021 + Census 2021 G01"},"geometry":{"type":"Point","coordinates":[151.24855610566053,-33.77019841615385]}},{"type":"Feature","properties":{"sal_code":"10276","name":"Belmont (NSW)","population":7289,"size_band":"major_town","source":"ABS SAL 2021 + Census 2021 G01"},"geometry":{"type":"Point","coordinates":[151.67344669816094,-33.031841881685665]}},{"type":"Feature","properties":{"sal_code":"13702","name":"Summer Hill (Inner West - NSW)","population":7288,"size_band":"major_town","source":"ABS SAL 2021 + Census 2021 G01"},"geometry":{"type":"Point","coordinates":[151.13750215803734,-33.89347612621714]}},{"type":"Feature","properties":{"sal_code":"13411","name":"Ropes Crossing","population":7280,"size_band":"major_town","source":"ABS SAL 2021 + Census 2021 G01"},"geometry":{"type":"Point","coordinates":[150.77733074767343,-33.727567635857824]}},{"type":"Feature","properties":{"sal_code":"13468","name":"Rydalmere","population":7274,"size_band":"major_town","source":"ABS SAL 2021 + Census 2021 G01"},"geometry":{"type":"Point","coordinates":[151.0375356353673,-33.81380414604986]}},{"type":"Feature","properties":{"sal_code":"14021","name":"Ulladulla","population":7262,"size_band":"major_town","source":"ABS SAL 2021 + Census 2021 G01"},"geometry":{"type":"Point","coordinates":[150.46410599384527,-35.35987168722872]}},{"type":"Feature","properties":{"sal_code":"10049","name":"Ambarvale","population":7254,"size_band":"major_town","source":"ABS SAL 2021 + Census 2021 G01"},"geometry":{"type":"Point","coordinates":[150.79708793740124,-34.08899778599673]}},{"type":"Feature","properties":{"sal_code":"13269","name":"Pottsville","population":7238,"size_band":"major_town","source":"ABS SAL 2021 + Census 2021 G01"},"geometry":{"type":"Point","coordinates":[153.55761399541808,-28.38735576799082]}},{"type":"Feature","properties":{"sal_code":"12665","name":"Moama","population":7213,"size_band":"major_town","source":"ABS SAL 2021 + Census 2021 G01"},"geometry":{"type":"Point","coordinates":[144.7505418662376,-36.00509468798285]}},{"type":"Feature","properties":{"sal_code":"13657","name":"St Leonards (NSW)","population":7212,"size_band":"major_town","source":"ABS SAL 2021 + Census 2021 G01"},"geometry":{"type":"Point","coordinates":[151.19294385702483,-33.82233263644598]}},{"type":"Feature","properties":{"sal_code":"14101","name":"Wagga Wagga","population":7198,"size_band":"major_town","source":"ABS SAL 2021 + Census 2021 G01"},"geometry":{"type":"Point","coordinates":[147.36059500005558,-35.10547557579192]}},{"type":"Feature","properties":{"sal_code":"14422","name":"Woollahra","population":7189,"size_band":"major_town","source":"ABS SAL 2021 + Census 2021 G01"},"geometry":{"type":"Point","coordinates":[151.24164531497584,-33.88580849112287]}},{"type":"Feature","properties":{"sal_code":"13268","name":"Potts Point","population":7183,"size_band":"major_town","source":"ABS SAL 2021 + Census 2021 G01"},"geometry":{"type":"Point","coordinates":[151.22591722919745,-33.86692091108751]}},{"type":"Feature","properties":{"sal_code":"10591","name":"Bronte","population":7166,"size_band":"major_town","source":"ABS SAL 2021 + Census 2021 G01"},"geometry":{"type":"Point","coordinates":[151.26357799345467,-33.90395279156399]}},{"type":"Feature","properties":{"sal_code":"14320","name":"Willoughby (NSW)","population":7124,"size_band":"major_town","source":"ABS SAL 2021 + Census 2021 G01"},"geometry":{"type":"Point","coordinates":[151.19905417512948,-33.80663611150013]}},{"type":"Feature","properties":{"sal_code":"11537","name":"Flinders (NSW)","population":7118,"size_band":"major_town","source":"ABS SAL 2021 + Census 2021 G01"},"geometry":{"type":"Point","coordinates":[150.84707926740415,-34.58047029063707]}},{"type":"Feature","properties":{"sal_code":"10777","name":"Cammeray","population":7088,"size_band":"major_town","source":"ABS SAL 2021 + Census 2021 G01"},"geometry":{"type":"Point","coordinates":[151.21426431207794,-33.82276965152099]}},{"type":"Feature","properties":{"sal_code":"11052","name":"Cooranbong","population":7077,"size_band":"major_town","source":"ABS SAL 2021 + Census 2021 G01"},"geometry":{"type":"Point","coordinates":[151.46939607469753,-33.05252300678759]}},{"type":"Feature","properties":{"sal_code":"10767","name":"Cambridge Park","population":7054,"size_band":"major_town","source":"ABS SAL 2021 + Census 2021 G01"},"geometry":{"type":"Point","coordinates":[150.72684238790873,-33.749753870786385]}},{"type":"Feature","properties":{"sal_code":"12600","name":"Merrylands West","population":7054,"size_band":"major_town","source":"ABS SAL 2021 + Census 2021 G01"},"geometry":{"type":"Point","coordinates":[150.9670822417692,-33.837723331190205]}},{"type":"Feature","properties":{"sal_code":"14092","name":"Villawood","population":7051,"size_band":"major_town","source":"ABS SAL 2021 + Census 2021 G01"},"geometry":{"type":"Point","coordinates":[150.98026603545654,-33.88431564125773]}},{"type":"Feature","properties":{"sal_code":"12618","name":"Middleton Grange","population":7043,"size_band":"major_town","source":"ABS SAL 2021 + Census 2021 G01"},"geometry":{"type":"Point","coordinates":[150.84321501329254,-33.9138432700365]}},{"type":"Feature","properties":{"sal_code":"10231","name":"Bathurst","population":7001,"size_band":"major_town","source":"ABS SAL 2021 + Census 2021 G01"},"geometry":{"type":"Point","coordinates":[149.57902776542463,-33.4189862059006]}},{"type":"Feature","properties":{"sal_code":"14140","name":"Wamberal","population":6991,"size_band":"regional_town","source":"ABS SAL 2021 + Census 2021 G01"},"geometry":{"type":"Point","coordinates":[151.43905048314005,-33.42255877759781]}},{"type":"Feature","properties":{"sal_code":"11834","name":"Gymea Bay","population":6983,"size_band":"regional_town","source":"ABS SAL 2021 + Census 2021 G01"},"geometry":{"type":"Point","coordinates":[151.08478059366274,-34.049544066205556]}},{"type":"Feature","properties":{"sal_code":"11082","name":"Corrimal","population":6972,"size_band":"regional_town","source":"ABS SAL 2021 + Census 2021 G01"},"geometry":{"type":"Point","coordinates":[150.88857083969827,-34.36990332051732]}},{"type":"Feature","properties":{"sal_code":"12919","name":"Narraweena","population":6971,"size_band":"regional_town","source":"ABS SAL 2021 + Census 2021 G01"},"geometry":{"type":"Point","coordinates":[151.27238956807668,-33.74983733203408]}},{"type":"Feature","properties":{"sal_code":"13069","name":"Oakhurst (NSW)","population":6947,"size_band":"regional_town","source":"ABS SAL 2021 + Census 2021 G01"},"geometry":{"type":"Point","coordinates":[150.83404441978075,-33.73723599136871]}},{"type":"Feature","properties":{"sal_code":"12907","name":"Narellan Vale","population":6931,"size_band":"regional_town","source":"ABS SAL 2021 + Census 2021 G01"},"geometry":{"type":"Point","coordinates":[150.74372048343903,-34.05477880495529]}},{"type":"Feature","properties":{"sal_code":"10026","name":"Albion Park Rail","population":6920,"size_band":"regional_town","source":"ABS SAL 2021 + Census 2021 G01"},"geometry":{"type":"Point","coordinates":[150.79068876422028,-34.561649000928256]}},{"type":"Feature","properties":{"sal_code":"13615","name":"South Wentworthville","population":6913,"size_band":"regional_town","source":"ABS SAL 2021 + Census 2021 G01"},"geometry":{"type":"Point","coordinates":[150.97170251353234,-33.82165852088002]}},{"type":"Feature","properties":{"sal_code":"10864","name":"Cecil Hills","population":6906,"size_band":"regional_town","source":"ABS SAL 2021 + Census 2021 G01"},"geometry":{"type":"Point","coordinates":[150.84305611659008,-33.887521001070034]}},{"type":"Feature","properties":{"sal_code":"11053","name":"Cootamundra","population":6885,"size_band":"regional_town","source":"ABS SAL 2021 + Census 2021 G01"},"geometry":{"type":"Point","coordinates":[148.03954421965227,-34.6348639095003]}},{"type":"Feature","properties":{"sal_code":"10110","name":"Austral","population":6847,"size_band":"regional_town","source":"ABS SAL 2021 + Census 2021 G01"},"geometry":{"type":"Point","coordinates":[150.80884849335303,-33.92034240621953]}},{"type":"Feature","properties":{"sal_code":"13064","name":"Oak Flats","population":6840,"size_band":"regional_town","source":"ABS SAL 2021 + Census 2021 G01"},"geometry":{"type":"Point","coordinates":[150.82084775413367,-34.56284950057112]}},{"type":"Feature","properties":{"sal_code":"11760","name":"Green Point (Central Coast - NSW)","population":6810,"size_band":"regional_town","source":"ABS SAL 2021 + Census 2021 G01"},"geometry":{"type":"Point","coordinates":[151.3789511370837,-33.452349046621976]}},{"type":"Feature","properties":{"sal_code":"10659","name":"Bulli","population":6798,"size_band":"regional_town","source":"ABS SAL 2021 + Census 2021 G01"},"geometry":{"type":"Point","coordinates":[150.90240725225306,-34.32982896588989]}},{"type":"Feature","properties":{"sal_code":"14511","name":"Yass","population":6763,"size_band":"regional_town","source":"ABS SAL 2021 + Census 2021 G01"},"geometry":{"type":"Point","coordinates":[148.90829411071667,-34.82288764518851]}},{"type":"Feature","properties":{"sal_code":"10452","name":"Bomaderry","population":6738,"size_band":"regional_town","source":"ABS SAL 2021 + Census 2021 G01"},"geometry":{"type":"Point","coordinates":[150.6047335738714,-34.847801452180654]}},{"type":"Feature","properties":{"sal_code":"12387","name":"Long Jetty","population":6736,"size_band":"regional_town","source":"ABS SAL 2021 + Census 2021 G01"},"geometry":{"type":"Point","coordinates":[151.4883390781642,-33.359172001358374]}},{"type":"Feature","properties":{"sal_code":"11036","name":"Cooma (NSW)","population":6715,"size_band":"regional_town","source":"ABS SAL 2021 + Census 2021 G01"},"geometry":{"type":"Point","coordinates":[149.112653000053,-36.25094443929659]}},{"type":"Feature","properties":{"sal_code":"12898","name":"Nambucca Heads","population":6675,"size_band":"regional_town","source":"ABS SAL 2021 + Census 2021 G01"},"geometry":{"type":"Point","coordinates":[152.9847430116797,-30.643512344615157]}},{"type":"Feature","properties":{"sal_code":"10402","name":"Blakehurst","population":6652,"size_band":"regional_town","source":"ABS SAL 2021 + Census 2021 G01"},"geometry":{"type":"Point","coordinates":[151.10946854884847,-33.989969390075515]}},{"type":"Feature","properties":{"sal_code":"13652","name":"St Helens Park","population":6647,"size_band":"regional_town","source":"ABS SAL 2021 + Census 2021 G01"},"geometry":{"type":"Point","coordinates":[150.81375120352635,-34.10560231566561]}},{"type":"Feature","properties":{"sal_code":"12010","name":"Jannali","population":6632,"size_band":"regional_town","source":"ABS SAL 2021 + Census 2021 G01"},"geometry":{"type":"Point","coordinates":[151.06801296755617,-34.01586260607932]}},{"type":"Feature","properties":{"sal_code":"13613","name":"South Tamworth","population":6621,"size_band":"regional_town","source":"ABS SAL 2021 + Census 2021 G01"},"geometry":{"type":"Point","coordinates":[150.91118572395672,-31.111752497566105]}},{"type":"Feature","properties":{"sal_code":"11671","name":"Glenhaven","population":6619,"size_band":"regional_town","source":"ABS SAL 2021 + Census 2021 G01"},"geometry":{"type":"Point","coordinates":[150.99796345561145,-33.70276203111203]}},{"type":"Feature","properties":{"sal_code":"13984","name":"Tumut","population":6613,"size_band":"regional_town","source":"ABS SAL 2021 + Census 2021 G01"},"geometry":{"type":"Point","coordinates":[148.23568885204688,-35.32242947944086]}},{"type":"Feature","properties":{"sal_code":"14399","name":"Woodcroft (NSW)","population":6597,"size_band":"regional_town","source":"ABS SAL 2021 + Census 2021 G01"},"geometry":{"type":"Point","coordinates":[150.88065455842786,-33.75588811131683]}},{"type":"Feature","properties":{"sal_code":"14214","name":"Wauchope","population":6589,"size_band":"regional_town","source":"ABS SAL 2021 + Census 2021 G01"},"geometry":{"type":"Point","coordinates":[152.73255799178833,-31.479283989432385]}},{"type":"Feature","properties":{"sal_code":"11897","name":"Helensburgh","population":6576,"size_band":"regional_town","source":"ABS SAL 2021 + Census 2021 G01"},"geometry":{"type":"Point","coordinates":[150.98304804872117,-34.184326661213724]}},{"type":"Feature","properties":{"sal_code":"13747","name":"Tallawong","population":6570,"size_band":"regional_town","source":"ABS SAL 2021 + Census 2021 G01"},"geometry":{"type":"Point","coordinates":[150.8914245493024,-33.69193279654597]}},{"type":"Feature","properties":{"sal_code":"10414","name":"Blue Haven","population":6563,"size_band":"regional_town","source":"ABS SAL 2021 + Census 2021 G01"},"geometry":{"type":"Point","coordinates":[151.50479068503864,-33.211421206952195]}},{"type":"Feature","properties":{"sal_code":"10257","name":"Belfield","population":6555,"size_band":"regional_town","source":"ABS SAL 2021 + Census 2021 G01"},"geometry":{"type":"Point","coordinates":[151.08555120175117,-33.90421401639932]}},{"type":"Feature","properties":{"sal_code":"10009","name":"Aberglasslyn","population":6552,"size_band":"regional_town","source":"ABS SAL 2021 + Census 2021 G01"},"geometry":{"type":"Point","coordinates":[151.5323752354001,-32.69355550690339]}},{"type":"Feature","properties":{"sal_code":"11921","name":"Hillvue","population":6528,"size_band":"regional_town","source":"ABS SAL 2021 + Census 2021 G01"},"geometry":{"type":"Point","coordinates":[150.90803589460066,-31.12908773792945]}},{"type":"Feature","properties":{"sal_code":"13032","name":"Northbridge (NSW)","population":6493,"size_band":"regional_town","source":"ABS SAL 2021 + Census 2021 G01"},"geometry":{"type":"Point","coordinates":[151.21748528800453,-33.811205506266944]}},{"type":"Feature","properties":{"sal_code":"11441","name":"Erskine Park","population":6486,"size_band":"regional_town","source":"ABS SAL 2021 + Census 2021 G01"},"geometry":{"type":"Point","coordinates":[150.8009070125422,-33.80911608089901]}},{"type":"Feature","properties":{"sal_code":"12082","name":"Kariong","population":6485,"size_band":"regional_town","source":"ABS SAL 2021 + Census 2021 G01"},"geometry":{"type":"Point","coordinates":[151.27310894344777,-33.46005921534028]}},{"type":"Feature","properties":{"sal_code":"11835","name":"Haberfield","population":6480,"size_band":"regional_town","source":"ABS SAL 2021 + Census 2021 G01"},"geometry":{"type":"Point","coordinates":[151.1389342190256,-33.87967270606971]}},{"type":"Feature","properties":{"sal_code":"11396","name":"Eleebana","population":6460,"size_band":"regional_town","source":"ABS SAL 2021 + Census 2021 G01"},"geometry":{"type":"Point","coordinates":[151.64776821113566,-32.99313110157447]}},{"type":"Feature","properties":{"sal_code":"10537","name":"Box Hill (NSW)","population":6450,"size_band":"regional_town","source":"ABS SAL 2021 + Census 2021 G01"},"geometry":{"type":"Point","coordinates":[150.8937485960453,-33.653015006222674]}},{"type":"Feature","properties":{"sal_code":"14243","name":"Wentworth Falls","population":6428,"size_band":"regional_town","source":"ABS SAL 2021 + Census 2021 G01"},"geometry":{"type":"Point","coordinates":[150.37995993340928,-33.71735412583384]}},{"type":"Feature","properties":{"sal_code":"13211","name":"Picnic Point","population":6413,"size_band":"regional_town","source":"ABS SAL 2021 + Census 2021 G01"},"geometry":{"type":"Point","coordinates":[151.00580061237338,-33.97300894617488]}},{"type":"Feature","properties":{"sal_code":"14281","name":"Wetherill Park","population":6412,"size_band":"regional_town","source":"ABS SAL 2021 + Census 2021 G01"},"geometry":{"type":"Point","coordinates":[150.89911334749846,-33.84214141625061]}},{"type":"Feature","properties":{"sal_code":"13304","name":"Queanbeyan","population":6409,"size_band":"regional_town","source":"ABS SAL 2021 + Census 2021 G01"},"geometry":{"type":"Point","coordinates":[149.2297680641545,-35.35218513243888]}},{"type":"Feature","properties":{"sal_code":"14476","name":"Yamba (NSW)","population":6405,"size_band":"regional_town","source":"ABS SAL 2021 + Census 2021 G01"},"geometry":{"type":"Point","coordinates":[153.34079559616023,-29.433727009759576]}},{"type":"Feature","properties":{"sal_code":"11384","name":"Edgeworth","population":6401,"size_band":"regional_town","source":"ABS SAL 2021 + Census 2021 G01"},"geometry":{"type":"Point","coordinates":[151.63080872554562,-32.9197301419339]}},{"type":"Feature","properties":{"sal_code":"12486","name":"Manly Vale","population":6389,"size_band":"regional_town","source":"ABS SAL 2021 + Census 2021 G01"},"geometry":{"type":"Point","coordinates":[151.26549465331797,-33.78215158654109]}},{"type":"Feature","properties":{"sal_code":"14352","name":"Winmalee","population":6388,"size_band":"regional_town","source":"ABS SAL 2021 + Census 2021 G01"},"geometry":{"type":"Point","coordinates":[150.60668783631414,-33.67971106643878]}},{"type":"Feature","properties":{"sal_code":"13987","name":"Tuncurry","population":6376,"size_band":"regional_town","source":"ABS SAL 2021 + Census 2021 G01"},"geometry":{"type":"Point","coordinates":[152.48493439772076,-32.15987449791921]}},{"type":"Feature","properties":{"sal_code":"13012","name":"North Richmond","population":6358,"size_band":"regional_town","source":"ABS SAL 2021 + Census 2021 G01"},"geometry":{"type":"Point","coordinates":[150.716931625722,-33.56711050112341]}},{"type":"Feature","properties":{"sal_code":"11944","name":"Hornsby Heights","population":6354,"size_band":"regional_town","source":"ABS SAL 2021 + Census 2021 G01"},"geometry":{"type":"Point","coordinates":[151.1000300184302,-33.664632320155306]}},{"type":"Feature","properties":{"sal_code":"13864","name":"Thirroul","population":6348,"size_band":"regional_town","source":"ABS SAL 2021 + Census 2021 G01"},"geometry":{"type":"Point","coordinates":[150.91320113831412,-34.31413162071291]}},{"type":"Feature","properties":{"sal_code":"11371","name":"Eastlakes","population":6347,"size_band":"regional_town","source":"ABS SAL 2021 + Census 2021 G01"},"geometry":{"type":"Point","coordinates":[151.21265246316707,-33.93107906620319]}},{"type":"Feature","properties":{"sal_code":"10016","name":"Adamstown","population":6335,"size_band":"regional_town","source":"ABS SAL 2021 + Census 2021 G01"},"geometry":{"type":"Point","coordinates":[151.7259256599166,-32.93920950232896]}},{"type":"Feature","properties":{"sal_code":"10731","name":"Byron Bay","population":6330,"size_band":"regional_town","source":"ABS SAL 2021 + Census 2021 G01"},"geometry":{"type":"Point","coordinates":[153.6028440657689,-28.661107520559934]}},{"type":"Feature","properties":{"sal_code":"10808","name":"Cardiff (NSW)","population":6318,"size_band":"regional_town","source":"ABS SAL 2021 + Census 2021 G01"},"geometry":{"type":"Point","coordinates":[151.6543063024871,-32.94249824217663]}},{"type":"Feature","properties":{"sal_code":"13656","name":"St Johns Park","population":6302,"size_band":"regional_town","source":"ABS SAL 2021 + Census 2021 G01"},"geometry":{"type":"Point","coordinates":[150.90213169763285,-33.88259178578163]}},{"type":"Feature","properties":{"sal_code":"13531","name":"Sefton","population":6300,"size_band":"regional_town","source":"ABS SAL 2021 + Census 2021 G01"},"geometry":{"type":"Point","coordinates":[151.01040081846804,-33.88774265615543]}},{"type":"Feature","properties":{"sal_code":"10277","name":"Belmont North","population":6291,"size_band":"regional_town","source":"ABS SAL 2021 + Census 2021 G01"},"geometry":{"type":"Point","coordinates":[151.6725952982909,-33.013510457542914]}},{"type":"Feature","properties":{"sal_code":"12246","name":"Lake Albert (NSW)","population":6291,"size_band":"regional_town","source":"ABS SAL 2021 + Census 2021 G01"},"geometry":{"type":"Point","coordinates":[147.39186840307954,-35.167576413861646]}},{"type":"Feature","properties":{"sal_code":"13598","name":"South Grafton","population":6288,"size_band":"regional_town","source":"ABS SAL 2021 + Census 2021 G01"},"geometry":{"type":"Point","coordinates":[152.93474288088197,-29.722071190553525]}},{"type":"Feature","properties":{"sal_code":"13021","name":"North Tamworth","population":6273,"size_band":"regional_town","source":"ABS SAL 2021 + Census 2021 G01"},"geometry":{"type":"Point","coordinates":[150.93393191855355,-31.063782048134303]}},{"type":"Feature","properties":{"sal_code":"11640","name":"Girraween (NSW)","population":6256,"size_band":"regional_town","source":"ABS SAL 2021 + Census 2021 G01"},"geometry":{"type":"Point","coordinates":[150.94398963344264,-33.800903444478614]}},{"type":"Feature","properties":{"sal_code":"12987","name":"North Albury","population":6232,"size_band":"regional_town","source":"ABS SAL 2021 + Census 2021 G01"},"geometry":{"type":"Point","coordinates":[146.93694182338425,-36.06059219849353]}},{"type":"Feature","properties":{"sal_code":"14169","name":"Warilla","population":6226,"size_band":"regional_town","source":"ABS SAL 2021 + Census 2021 G01"},"geometry":{"type":"Point","coordinates":[150.8592650714384,-34.55162949580384]}},{"type":"Feature","properties":{"sal_code":"11347","name":"East Albury","population":6224,"size_band":"regional_town","source":"ABS SAL 2021 + Census 2021 G01"},"geometry":{"type":"Point","coordinates":[146.93912155038691,-36.09150826876143]}},{"type":"Feature","properties":{"sal_code":"10410","name":"Bligh Park","population":6220,"size_band":"regional_town","source":"ABS SAL 2021 + Census 2021 G01"},"geometry":{"type":"Point","coordinates":[150.79791939646864,-33.638439496563166]}},{"type":"Feature","properties":{"sal_code":"11653","name":"Glen Innes","population":6219,"size_band":"regional_town","source":"ABS SAL 2021 + Census 2021 G01"},"geometry":{"type":"Point","coordinates":[151.70455447340615,-29.718965513904624]}},{"type":"Feature","properties":{"sal_code":"11000","name":"Concord West","population":6178,"size_band":"regional_town","source":"ABS SAL 2021 + Census 2021 G01"},"geometry":{"type":"Point","coordinates":[151.09200257333828,-33.84278297708735]}},{"type":"Feature","properties":{"sal_code":"14004","name":"Tweed Heads West","population":6176,"size_band":"regional_town","source":"ABS SAL 2021 + Census 2021 G01"},"geometry":{"type":"Point","coordinates":[153.50271099005533,-28.18109910199153]}},{"type":"Feature","properties":{"sal_code":"12229","name":"Kurri Kurri","population":6174,"size_band":"regional_town","source":"ABS SAL 2021 + Census 2021 G01"},"geometry":{"type":"Point","coordinates":[151.48037499574087,-32.81462100670132]}},{"type":"Feature","properties":{"sal_code":"13930","name":"Toormina","population":6171,"size_band":"regional_town","source":"ABS SAL 2021 + Census 2021 G01"},"geometry":{"type":"Point","coordinates":[153.08815124879942,-30.3542757593384]}},{"type":"Feature","properties":{"sal_code":"10104","name":"Asquith","population":6160,"size_band":"regional_town","source":"ABS SAL 2021 + Census 2021 G01"},"geometry":{"type":"Point","coordinates":[151.11670751117447,-33.68826569136514]}},{"type":"Feature","properties":{"sal_code":"14420","name":"Woolgoolga","population":6151,"size_band":"regional_town","source":"ABS SAL 2021 + Census 2021 G01"},"geometry":{"type":"Point","coordinates":[153.16451348635033,-30.084869152307835]}},{"type":"Feature","properties":{"sal_code":"11890","name":"Heathcote (NSW)","population":6148,"size_band":"regional_town","source":"ABS SAL 2021 + Census 2021 G01"},"geometry":{"type":"Point","coordinates":[151.00047439684923,-34.081530501035694]}},{"type":"Feature","properties":{"sal_code":"11485","name":"Fairlight","population":6141,"size_band":"regional_town","source":"ABS SAL 2021 + Census 2021 G01"},"geometry":{"type":"Point","coordinates":[151.27428143353973,-33.7939444181859]}},{"type":"Feature","properties":{"sal_code":"12932","name":"Nelson Bay (NSW)","population":6141,"size_band":"regional_town","source":"ABS SAL 2021 + Census 2021 G01"},"geometry":{"type":"Point","coordinates":[152.13597250503528,-32.73677701197408]}},{"type":"Feature","properties":{"sal_code":"14195","name":"Warwick Farm","population":6135,"size_band":"regional_town","source":"ABS SAL 2021 + Census 2021 G01"},"geometry":{"type":"Point","coordinates":[150.93492722134562,-33.91283998594728]}},{"type":"Feature","properties":{"sal_code":"11646","name":"Gledswood Hills","population":6112,"size_band":"regional_town","source":"ABS SAL 2021 + Census 2021 G01"},"geometry":{"type":"Point","coordinates":[150.77843876567752,-34.01369900599633]}},{"type":"Feature","properties":{"sal_code":"12664","name":"Mittagong","population":6090,"size_band":"regional_town","source":"ABS SAL 2021 + Census 2021 G01"},"geometry":{"type":"Point","coordinates":[150.48001445055291,-34.466781500739394]}},{"type":"Feature","properties":{"sal_code":"11397","name":"Elermore Vale","population":6057,"size_band":"regional_town","source":"ABS SAL 2021 + Census 2021 G01"},"geometry":{"type":"Point","coordinates":[151.66198059917951,-32.91660901679469]}},{"type":"Feature","properties":{"sal_code":"13009","name":"North Narrabeen","population":6016,"size_band":"regional_town","source":"ABS SAL 2021 + Census 2021 G01"},"geometry":{"type":"Point","coordinates":[151.2932603264986,-33.703234521434155]}},{"type":"Feature","properties":{"sal_code":"10208","name":"Barrack Heights","population":6003,"size_band":"regional_town","source":"ABS SAL 2021 + Census 2021 G01"},"geometry":{"type":"Point","coordinates":[150.85456991251985,-34.56303449601213]}},{"type":"Feature","properties":{"sal_code":"13936","name":"Toronto","population":5973,"size_band":"regional_town","source":"ABS SAL 2021 + Census 2021 G01"},"geometry":{"type":"Point","coordinates":[151.57848742620712,-33.0143159069317]}},{"type":"Feature","properties":{"sal_code":"14433","name":"Woongarrah","population":5962,"size_band":"regional_town","source":"ABS SAL 2021 + Census 2021 G01"},"geometry":{"type":"Point","coordinates":[151.4753234041822,-33.240147906497]}},{"type":"Feature","properties":{"sal_code":"13617","name":"South Windsor","population":5948,"size_band":"regional_town","source":"ABS SAL 2021 + Census 2021 G01"},"geometry":{"type":"Point","coordinates":[150.80427209530836,-33.630418501266405]}},{"type":"Feature","properties":{"sal_code":"13316","name":"Raby","population":5943,"size_band":"regional_town","source":"ABS SAL 2021 + Census 2021 G01"},"geometry":{"type":"Point","coordinates":[150.8164527582842,-34.01897686889677]}},{"type":"Feature","properties":{"sal_code":"14283","name":"Whalan","population":5929,"size_band":"regional_town","source":"ABS SAL 2021 + Census 2021 G01"},"geometry":{"type":"Point","coordinates":[150.8034010915038,-33.75571737130675]}},{"type":"Feature","properties":{"sal_code":"12908","name":"Naremburn","population":5924,"size_band":"regional_town","source":"ABS SAL 2021 + Census 2021 G01"},"geometry":{"type":"Point","coordinates":[151.20198627981011,-33.817307936249875]}},{"type":"Feature","properties":{"sal_code":"10046","name":"Alstonville","population":5912,"size_band":"regional_town","source":"ABS SAL 2021 + Census 2021 G01"},"geometry":{"type":"Point","coordinates":[153.45253988919782,-28.838694565221882]}},{"type":"Feature","properties":{"sal_code":"11348","name":"East Ballina","population":5882,"size_band":"regional_town","source":"ABS SAL 2021 + Census 2021 G01"},"geometry":{"type":"Point","coordinates":[153.58891298605462,-28.859279536465287]}},{"type":"Feature","properties":{"sal_code":"11316","name":"Dundas Valley","population":5875,"size_band":"regional_town","source":"ABS SAL 2021 + Census 2021 G01"},"geometry":{"type":"Point","coordinates":[151.05805947430798,-33.79216363124615]}},{"type":"Feature","properties":{"sal_code":"12430","name":"Lugarno","population":5869,"size_band":"regional_town","source":"ABS SAL 2021 + Census 2021 G01"},"geometry":{"type":"Point","coordinates":[151.0442630188171,-33.98150448613775]}},{"type":"Feature","properties":{"sal_code":"13010","name":"North Nowra","population":5856,"size_band":"regional_town","source":"ABS SAL 2021 + Census 2021 G01"},"geometry":{"type":"Point","coordinates":[150.57320707770268,-34.85563148530598]}},{"type":"Feature","properties":{"sal_code":"13074","name":"Oatlands (NSW)","population":5833,"size_band":"regional_town","source":"ABS SAL 2021 + Census 2021 G01"},"geometry":{"type":"Point","coordinates":[151.02578663713996,-33.79507636144928]}},{"type":"Feature","properties":{"sal_code":"13599","name":"South Granville","population":5829,"size_band":"regional_town","source":"ABS SAL 2021 + Census 2021 G01"},"geometry":{"type":"Point","coordinates":[151.0108756634356,-33.85789907888528]}},{"type":"Feature","properties":{"sal_code":"13518","name":"Scone","population":5824,"size_band":"regional_town","source":"ABS SAL 2021 + Census 2021 G01"},"geometry":{"type":"Point","coordinates":[150.8464110079693,-32.07590500229395]}},{"type":"Feature","properties":{"sal_code":"11344","name":"Eagle Vale","population":5789,"size_band":"regional_town","source":"ABS SAL 2021 + Census 2021 G01"},"geometry":{"type":"Point","coordinates":[150.81171396729405,-34.03796600587114]}},{"type":"Feature","properties":{"sal_code":"13646","name":"St Andrews (NSW)","population":5785,"size_band":"regional_town","source":"ABS SAL 2021 + Census 2021 G01"},"geometry":{"type":"Point","coordinates":[150.83057854873468,-34.020909771053454]}},{"type":"Feature","properties":{"sal_code":"12644","name":"Minchinbury","population":5778,"size_band":"regional_town","source":"ABS SAL 2021 + Census 2021 G01"},"geometry":{"type":"Point","coordinates":[150.8273806828672,-33.78664267606067]}},{"type":"Feature","properties":{"sal_code":"13081","name":"Ocean Shores","population":5777,"size_band":"regional_town","source":"ABS SAL 2021 + Census 2021 G01"},"geometry":{"type":"Point","coordinates":[153.53124499050185,-28.495323980481665]}},{"type":"Feature","properties":{"sal_code":"13742","name":"Tahmoor","population":5777,"size_band":"regional_town","source":"ABS SAL 2021 + Census 2021 G01"},"geometry":{"type":"Point","coordinates":[150.5906796100161,-34.229243616109414]}},{"type":"Feature","properties":{"sal_code":"14083","name":"Valentine","population":5773,"size_band":"regional_town","source":"ABS SAL 2021 + Census 2021 G01"},"geometry":{"type":"Point","coordinates":[151.64000326095635,-33.0167862865895]}},{"type":"Feature","properties":{"sal_code":"11797","name":"Guildford West","population":5762,"size_band":"regional_town","source":"ABS SAL 2021 + Census 2021 G01"},"geometry":{"type":"Point","coordinates":[150.9640326033134,-33.84762295138031]}},{"type":"Feature","properties":{"sal_code":"10195","name":"Bardia","population":5747,"size_band":"regional_town","source":"ABS SAL 2021 + Census 2021 G01"},"geometry":{"type":"Point","coordinates":[150.86013074913154,-33.97730445126247]}},{"type":"Feature","properties":{"sal_code":"10156","name":"Balgownie","population":5722,"size_band":"regional_town","source":"ABS SAL 2021 + Census 2021 G01"},"geometry":{"type":"Point","coordinates":[150.87100120938413,-34.38700100576533]}},{"type":"Feature","properties":{"sal_code":"11075","name":"Corlette","population":5699,"size_band":"regional_town","source":"ABS SAL 2021 + Census 2021 G01"},"geometry":{"type":"Point","coordinates":[152.11430884862781,-32.72480000230071]}},{"type":"Feature","properties":{"sal_code":"12063","name":"Kanahooka","population":5698,"size_band":"regional_town","source":"ABS SAL 2021 + Census 2021 G01"},"geometry":{"type":"Point","coordinates":[150.81462706362328,-34.492657325441236]}},{"type":"Feature","properties":{"sal_code":"13123","name":"Oyster Bay","population":5689,"size_band":"regional_town","source":"ABS SAL 2021 + Census 2021 G01"},"geometry":{"type":"Point","coordinates":[151.08013890516492,-34.0068939362006]}},{"type":"Feature","properties":{"sal_code":"11933","name":"Holsworthy","population":5657,"size_band":"regional_town","source":"ABS SAL 2021 + Census 2021 G01"},"geometry":{"type":"Point","coordinates":[150.90539922335915,-34.08432835906364]}},{"type":"Feature","properties":{"sal_code":"12962","name":"Newington (NSW)","population":5648,"size_band":"regional_town","source":"ABS SAL 2021 + Census 2021 G01"},"geometry":{"type":"Point","coordinates":[151.05550779357378,-33.83693796688558]}},{"type":"Feature","properties":{"sal_code":"11918","name":"Hillsdale","population":5647,"size_band":"regional_town","source":"ABS SAL 2021 + Census 2021 G01"},"geometry":{"type":"Point","coordinates":[151.2273501031611,-33.952974160995815]}},{"type":"Feature","properties":{"sal_code":"11893","name":"Hebersham","population":5643,"size_band":"regional_town","source":"ABS SAL 2021 + Census 2021 G01"},"geometry":{"type":"Point","coordinates":[150.82393574885543,-33.74594761918806]}},{"type":"Feature","properties":{"sal_code":"13458","name":"Ruse","population":5632,"size_band":"regional_town","source":"ABS SAL 2021 + Census 2021 G01"},"geometry":{"type":"Point","coordinates":[150.84294242760433,-34.06927331570376]}},{"type":"Feature","properties":{"sal_code":"10017","name":"Adamstown Heights","population":5621,"size_band":"regional_town","source":"ABS SAL 2021 + Census 2021 G01"},"geometry":{"type":"Point","coordinates":[151.71064251957995,-32.94879990225768]}},{"type":"Feature","properties":{"sal_code":"13595","name":"South Coogee","population":5611,"size_band":"regional_town","source":"ABS SAL 2021 + Census 2021 G01"},"geometry":{"type":"Point","coordinates":[151.25521373762342,-33.932209450813154]}},{"type":"Feature","properties":{"sal_code":"11080","name":"Corowa","population":5595,"size_band":"regional_town","source":"ABS SAL 2021 + Census 2021 G01"},"geometry":{"type":"Point","coordinates":[146.363002215462,-35.999975428178104]}},{"type":"Feature","properties":{"sal_code":"11176","name":"Currans Hill","population":5541,"size_band":"regional_town","source":"ABS SAL 2021 + Census 2021 G01"},"geometry":{"type":"Point","coordinates":[150.77421734679882,-34.04633562121017]}},{"type":"Feature","properties":{"sal_code":"10178","name":"Bangor (NSW)","population":5536,"size_band":"regional_town","source":"ABS SAL 2021 + Census 2021 G01"},"geometry":{"type":"Point","coordinates":[151.03243071083028,-34.01671456118038]}},{"type":"Feature","properties":{"sal_code":"13192","name":"Pemulwuy","population":5532,"size_band":"regional_town","source":"ABS SAL 2021 + Census 2021 G01"},"geometry":{"type":"Point","coordinates":[150.90249541920323,-33.818406946370246]}},{"type":"Feature","properties":{"sal_code":"14026","name":"Unanderra","population":5476,"size_band":"regional_town","source":"ABS SAL 2021 + Census 2021 G01"},"geometry":{"type":"Point","coordinates":[150.84721005851623,-34.45878243090105]}},{"type":"Feature","properties":{"sal_code":"14269","name":"West Tamworth","population":5471,"size_band":"regional_town","source":"ABS SAL 2021 + Census 2021 G01"},"geometry":{"type":"Point","coordinates":[150.90845952481735,-31.10219997253214]}},{"type":"Feature","properties":{"sal_code":"11776","name":"Greenwich","population":5469,"size_band":"regional_town","source":"ABS SAL 2021 + Census 2021 G01"},"geometry":{"type":"Point","coordinates":[151.18555445832976,-33.82981067424209]}},{"type":"Feature","properties":{"sal_code":"14267","name":"West Pymble","population":5441,"size_band":"regional_town","source":"ABS SAL 2021 + Census 2021 G01"},"geometry":{"type":"Point","coordinates":[151.13029851657,-33.763653346328645]}},{"type":"Feature","properties":{"sal_code":"10003","name":"Abbotsford (NSW)","population":5431,"size_band":"regional_town","source":"ABS SAL 2021 + Census 2021 G01"},"geometry":{"type":"Point","coordinates":[151.12987398354653,-33.850333528475446]}},{"type":"Feature","properties":{"sal_code":"13375","name":"Richmond (NSW)","population":5418,"size_band":"regional_town","source":"ABS SAL 2021 + Census 2021 G01"},"geometry":{"type":"Point","coordinates":[150.77362989980696,-33.605174746558646]}},{"type":"Feature","properties":{"sal_code":"11366","name":"East Tamworth","population":5417,"size_band":"regional_town","source":"ABS SAL 2021 + Census 2021 G01"},"geometry":{"type":"Point","coordinates":[150.95267759718658,-31.097696080751966]}},{"type":"Feature","properties":{"sal_code":"12921","name":"Narwee","population":5411,"size_band":"regional_town","source":"ABS SAL 2021 + Census 2021 G01"},"geometry":{"type":"Point","coordinates":[151.06843249337024,-33.94538213613465]}},{"type":"Feature","properties":{"sal_code":"14350","name":"Wingham","population":5395,"size_band":"regional_town","source":"ABS SAL 2021 + Census 2021 G01"},"geometry":{"type":"Point","coordinates":[152.3708681653879,-31.862484008265934]}},{"type":"Feature","properties":{"sal_code":"11767","name":"Greenfield Park","population":5394,"size_band":"regional_town","source":"ABS SAL 2021 + Census 2021 G01"},"geometry":{"type":"Point","coordinates":[150.89205552505967,-33.87537254089431]}},{"type":"Feature","properties":{"sal_code":"12986","name":"Normanhurst","population":5387,"size_band":"regional_town","source":"ABS SAL 2021 + Census 2021 G01"},"geometry":{"type":"Point","coordinates":[151.0966394585443,-33.7229699402316]}},{"type":"Feature","properties":{"sal_code":"14441","name":"Worrigee","population":5384,"size_band":"regional_town","source":"ABS SAL 2021 + Census 2021 G01"},"geometry":{"type":"Point","coordinates":[150.6390657242682,-34.91372450054614]}},{"type":"Feature","properties":{"sal_code":"13980","name":"Tumbi Umbi","population":5369,"size_band":"regional_town","source":"ABS SAL 2021 + Census 2021 G01"},"geometry":{"type":"Point","coordinates":[151.42521020693124,-33.37857302131892]}},{"type":"Feature","properties":{"sal_code":"13797","name":"Telopea","population":5356,"size_band":"regional_town","source":"ABS SAL 2021 + Census 2021 G01"},"geometry":{"type":"Point","coordinates":[151.0409316695865,-33.79474756108237]}},{"type":"Feature","properties":{"sal_code":"10038","name":"Allawah","population":5351,"size_band":"regional_town","source":"ABS SAL 2021 + Census 2021 G01"},"geometry":{"type":"Point","coordinates":[151.11379712865573,-33.97294865617858]}},{"type":"Feature","properties":{"sal_code":"14252","name":"Werrington","population":5328,"size_band":"regional_town","source":"ABS SAL 2021 + Census 2021 G01"},"geometry":{"type":"Point","coordinates":[150.75072873414555,-33.75875677076695]}},{"type":"Feature","properties":{"sal_code":"12009","name":"Jamisontown","population":5321,"size_band":"regional_town","source":"ABS SAL 2021 + Census 2021 G01"},"geometry":{"type":"Point","coordinates":[150.67713928685635,-33.76990285586681]}},{"type":"Feature","properties":{"sal_code":"12108","name":"Kenthurst","population":5313,"size_band":"regional_town","source":"ABS SAL 2021 + Census 2021 G01"},"geometry":{"type":"Point","coordinates":[150.97349707348388,-33.642650713964315]}},{"type":"Feature","properties":{"sal_code":"10421","name":"Boambee East","population":5304,"size_band":"regional_town","source":"ABS SAL 2021 + Census 2021 G01"},"geometry":{"type":"Point","coordinates":[153.0759013787157,-30.345635498971003]}},{"type":"Feature","properties":{"sal_code":"12352","name":"Lisarow","population":5299,"size_band":"regional_town","source":"ABS SAL 2021 + Census 2021 G01"},"geometry":{"type":"Point","coordinates":[151.38452614282244,-33.38492932131862]}},{"type":"Feature","properties":{"sal_code":"10309","name":"Berowra Heights","population":5286,"size_band":"regional_town","source":"ABS SAL 2021 + Census 2021 G01"},"geometry":{"type":"Point","coordinates":[151.13735692201547,-33.60156298659716]}},{"type":"Feature","properties":{"sal_code":"13212","name":"Picton (NSW)","population":5282,"size_band":"regional_town","source":"ABS SAL 2021 + Census 2021 G01"},"geometry":{"type":"Point","coordinates":[150.60061199824503,-34.17382200380314]}},{"type":"Feature","properties":{"sal_code":"14272","name":"West Wollongong","population":5223,"size_band":"regional_town","source":"ABS SAL 2021 + Census 2021 G01"},"geometry":{"type":"Point","coordinates":[150.86845166574196,-34.425723970737785]}},{"type":"Feature","properties":{"sal_code":"13603","name":"South Hurstville","population":5221,"size_band":"regional_town","source":"ABS SAL 2021 + Census 2021 G01"},"geometry":{"type":"Point","coordinates":[151.10579728609756,-33.97767322136692]}},{"type":"Feature","properties":{"sal_code":"12273","name":"Lambton","population":5214,"size_band":"regional_town","source":"ABS SAL 2021 + Census 2021 G01"},"geometry":{"type":"Point","coordinates":[151.7068998254926,-32.91404696231583]}},{"type":"Feature","properties":{"sal_code":"11436","name":"Erina","population":5205,"size_band":"regional_town","source":"ABS SAL 2021 + Census 2021 G01"},"geometry":{"type":"Point","coordinates":[151.38618180616302,-33.43757550136698]}},{"type":"Feature","properties":{"sal_code":"11481","name":"Fairfield East","population":5198,"size_band":"regional_town","source":"ABS SAL 2021 + Census 2021 G01"},"geometry":{"type":"Point","coordinates":[150.97363652345695,-33.87534621614477]}},{"type":"Feature","properties":{"sal_code":"11663","name":"Glendenning","population":5196,"size_band":"regional_town","source":"ABS SAL 2021 + Census 2021 G01"},"geometry":{"type":"Point","coordinates":[150.8556990184752,-33.749063793137715]}},{"type":"Feature","properties":{"sal_code":"13278","name":"Prospect (NSW)","population":5187,"size_band":"regional_town","source":"ABS SAL 2021 + Census 2021 G01"},"geometry":{"type":"Point","coordinates":[150.91525513261797,-33.798698026184645]}},{"type":"Feature","properties":{"sal_code":"13564","name":"Singleton (NSW)","population":5185,"size_band":"regional_town","source":"ABS SAL 2021 + Census 2021 G01"},"geometry":{"type":"Point","coordinates":[151.17395324554306,-32.565947392263595]}},{"type":"Feature","properties":{"sal_code":"10917","name":"Claremont Meadows","population":5177,"size_band":"regional_town","source":"ABS SAL 2021 + Census 2021 G01"},"geometry":{"type":"Point","coordinates":[150.75139688757915,-33.77429574640402]}},{"type":"Feature","properties":{"sal_code":"11448","name":"Ettalong Beach","population":5161,"size_band":"regional_town","source":"ABS SAL 2021 + Census 2021 G01"},"geometry":{"type":"Point","coordinates":[151.33066708043114,-33.51595405143701]}},{"type":"Feature","properties":{"sal_code":"13084","name":"Old Bar","population":5126,"size_band":"regional_town","source":"ABS SAL 2021 + Census 2021 G01"},"geometry":{"type":"Point","coordinates":[152.56111553131709,-31.962341432890607]}},{"type":"Feature","properties":{"sal_code":"12560","name":"Meadowbank (NSW)","population":5089,"size_band":"regional_town","source":"ABS SAL 2021 + Census 2021 G01"},"geometry":{"type":"Point","coordinates":[151.08744826845975,-33.816202485980284]}},{"type":"Feature","properties":{"sal_code":"13257","name":"Port Kembla","population":5088,"size_band":"regional_town","source":"ABS SAL 2021 + Census 2021 G01"},"geometry":{"type":"Point","coordinates":[150.89772451883155,-34.48227574246202]}},{"type":"Feature","properties":{"sal_code":"12125","name":"Kiama Downs","population":5087,"size_band":"regional_town","source":"ABS SAL 2021 + Census 2021 G01"},"geometry":{"type":"Point","coordinates":[150.84644625247114,-34.639807470754285]}},{"type":"Feature","properties":{"sal_code":"12262","name":"Lake Munmorah","population":5084,"size_band":"regional_town","source":"ABS SAL 2021 + Census 2021 G01"},"geometry":{"type":"Point","coordinates":[151.57202672741244,-33.193313886841814]}},{"type":"Feature","properties":{"sal_code":"11660","name":"Glenbrook","population":5078,"size_band":"regional_town","source":"ABS SAL 2021 + Census 2021 G01"},"geometry":{"type":"Point","coordinates":[150.62747971636594,-33.76591749589244]}},{"type":"Feature","properties":{"sal_code":"11669","name":"Glenfield Park","population":5078,"size_band":"regional_town","source":"ABS SAL 2021 + Census 2021 G01"},"geometry":{"type":"Point","coordinates":[147.33109418778452,-35.13709774390332]}},{"type":"Feature","properties":{"sal_code":"11888","name":"Hazelbrook","population":5077,"size_band":"regional_town","source":"ABS SAL 2021 + Census 2021 G01"},"geometry":{"type":"Point","coordinates":[150.45753849344808,-33.73010275385847]}},{"type":"Feature","properties":{"sal_code":"14264","name":"West Kempsey","population":5073,"size_band":"regional_town","source":"ABS SAL 2021 + Census 2021 G01"},"geometry":{"type":"Point","coordinates":[152.82517817920134,-31.06059449843725]}},{"type":"Feature","properties":{"sal_code":"12054","name":"Junee","population":5066,"size_band":"regional_town","source":"ABS SAL 2021 + Census 2021 G01"},"geometry":{"type":"Point","coordinates":[147.57969248357972,-34.8637957493373]}},{"type":"Feature","properties":{"sal_code":"14428","name":"Woolooware","population":5060,"size_band":"regional_town","source":"ABS SAL 2021 + Census 2021 G01"},"geometry":{"type":"Point","coordinates":[151.14029760381044,-34.045196469107545]}},{"type":"Feature","properties":{"sal_code":"13616","name":"South West Rocks","population":5058,"size_band":"regional_town","source":"ABS SAL 2021 + Census 2021 G01"},"geometry":{"type":"Point","coordinates":[153.03889976677297,-30.895223999023298]}},{"type":"Feature","properties":{"sal_code":"13726","name":"Swansea (NSW)","population":5044,"size_band":"regional_town","source":"ABS SAL 2021 + Census 2021 G01"},"geometry":{"type":"Point","coordinates":[151.63631046289305,-33.08305601875693]}},{"type":"Feature","properties":{"sal_code":"11867","name":"Harris Park","population":5043,"size_band":"regional_town","source":"ABS SAL 2021 + Census 2021 G01"},"geometry":{"type":"Point","coordinates":[151.01206296225507,-33.82253205641904]}},{"type":"Feature","properties":{"sal_code":"10253","name":"Bega","population":5013,"size_band":"regional_town","source":"ABS SAL 2021 + Census 2021 G01"},"geometry":{"type":"Point","coordinates":[149.842451010456,-36.68486240763179]}},{"type":"Feature","properties":{"sal_code":"11970","name":"Hurlstone Park","population":5001,"size_band":"regional_town","source":"ABS SAL 2021 + Census 2021 G01"},"geometry":{"type":"Point","coordinates":[151.12881717580186,-33.91005031126009]}},{"type":"Feature","properties":{"sal_code":"13478","name":"Salamander Bay","population":4991,"size_band":"regional_town","source":"ABS SAL 2021 + Census 2021 G01"},"geometry":{"type":"Point","coordinates":[152.08921539841447,-32.729336092612506]}},{"type":"Feature","properties":{"sal_code":"13358","name":"Regents Park (NSW)","population":4990,"size_band":"regional_town","source":"ABS SAL 2021 + Census 2021 G01"},"geometry":{"type":"Point","coordinates":[151.02622552973327,-33.88244602590435]}},{"type":"Feature","properties":{"sal_code":"13863","name":"Thirlmere","population":4986,"size_band":"regional_town","source":"ABS SAL 2021 + Census 2021 G01"},"geometry":{"type":"Point","coordinates":[150.55907408366195,-34.20701150546446]}},{"type":"Feature","properties":{"sal_code":"11361","name":"East Lismore","population":4980,"size_band":"regional_town","source":"ABS SAL 2021 + Census 2021 G01"},"geometry":{"type":"Point","coordinates":[153.28730337967983,-28.823423509986128]}},{"type":"Feature","properties":{"sal_code":"11132","name":"Crows Nest (NSW)","population":4974,"size_band":"regional_town","source":"ABS SAL 2021 + Census 2021 G01"},"geometry":{"type":"Point","coordinates":[151.20362287371384,-33.82558526989574]}},{"type":"Feature","properties":{"sal_code":"11549","name":"Forest Lodge","population":4965,"size_band":"regional_town","source":"ABS SAL 2021 + Census 2021 G01"},"geometry":{"type":"Point","coordinates":[151.17838674767717,-33.88059309599093]}},{"type":"Feature","properties":{"sal_code":"11315","name":"Dundas (NSW)","population":4959,"size_band":"regional_town","source":"ABS SAL 2021 + Census 2021 G01"},"geometry":{"type":"Point","coordinates":[151.04229047655667,-33.803287606557355]}},{"type":"Feature","properties":{"sal_code":"12356","name":"Lithgow","population":4956,"size_band":"regional_town","source":"ABS SAL 2021 + Census 2021 G01"},"geometry":{"type":"Point","coordinates":[150.16013591763607,-33.48004350084113]}},{"type":"Feature","properties":{"sal_code":"10027","name":"Albury","population":4955,"size_band":"regional_town","source":"ABS SAL 2021 + Census 2021 G01"},"geometry":{"type":"Point","coordinates":[146.91287105122294,-36.073522828540504]}},{"type":"Feature","properties":{"sal_code":"11116","name":"Crestwood","population":4936,"size_band":"regional_town","source":"ABS SAL 2021 + Census 2021 G01"},"geometry":{"type":"Point","coordinates":[149.21639242086522,-35.3491746449383]}},{"type":"Feature","properties":{"sal_code":"14159","name":"Waratah (NSW)","population":4927,"size_band":"regional_town","source":"ABS SAL 2021 + Census 2021 G01"},"geometry":{"type":"Point","coordinates":[151.72491200274663,-32.905680418860435]}},{"type":"Feature","properties":{"sal_code":"13462","name":"Russell Lea","population":4920,"size_band":"regional_town","source":"ABS SAL 2021 + Census 2021 G01"},"geometry":{"type":"Point","coordinates":[151.1405308387975,-33.858411011066885]}},{"type":"Feature","properties":{"sal_code":"10965","name":"Colebee","population":4914,"size_band":"regional_town","source":"ABS SAL 2021 + Census 2021 G01"},"geometry":{"type":"Point","coordinates":[150.85606565238368,-33.72449422605955]}},{"type":"Feature","properties":{"sal_code":"13565","name":"Singleton Heights","population":4896,"size_band":"regional_town","source":"ABS SAL 2021 + Census 2021 G01"},"geometry":{"type":"Point","coordinates":[151.16204019787685,-32.54118897804868]}},{"type":"Feature","properties":{"sal_code":"14107","name":"Wakeley","population":4893,"size_band":"regional_town","source":"ABS SAL 2021 + Census 2021 G01"},"geometry":{"type":"Point","coordinates":[150.90829405873524,-33.873812880939695]}},{"type":"Feature","properties":{"sal_code":"10937","name":"Clovelly","population":4887,"size_band":"regional_town","source":"ABS SAL 2021 + Census 2021 G01"},"geometry":{"type":"Point","coordinates":[151.26275595501968,-33.91152928622971]}},{"type":"Feature","properties":{"sal_code":"12812","name":"Mount Warrigal","population":4880,"size_band":"regional_town","source":"ABS SAL 2021 + Census 2021 G01"},"geometry":{"type":"Point","coordinates":[150.84248364361574,-34.550101448360635]}},{"type":"Feature","properties":{"sal_code":"11398","name":"Elizabeth Bay","population":4878,"size_band":"regional_town","source":"ABS SAL 2021 + Census 2021 G01"},"geometry":{"type":"Point","coordinates":[151.22836928946163,-33.871693115990055]}},{"type":"Feature","properties":{"sal_code":"11728","name":"Gosford","population":4873,"size_band":"regional_town","source":"ABS SAL 2021 + Census 2021 G01"},"geometry":{"type":"Point","coordinates":[151.34057976321594,-33.420880373764156]}},{"type":"Feature","properties":{"sal_code":"13731","name":"Sydney Olympic Park","population":4848,"size_band":"regional_town","source":"ABS SAL 2021 + Census 2021 G01"},"geometry":{"type":"Point","coordinates":[151.06653717837645,-33.840744099107305]}},{"type":"Feature","properties":{"sal_code":"12358","name":"Little Bay","population":4817,"size_band":"regional_town","source":"ABS SAL 2021 + Census 2021 G01"},"geometry":{"type":"Point","coordinates":[151.24499861454038,-33.98343450113737]}},{"type":"Feature","properties":{"sal_code":"10971","name":"Collaroy Plateau","population":4805,"size_band":"regional_town","source":"ABS SAL 2021 + Census 2021 G01"},"geometry":{"type":"Point","coordinates":[151.28955431331923,-33.7301997230163]}},{"type":"Feature","properties":{"sal_code":"11628","name":"Gillieston Heights","population":4796,"size_band":"regional_town","source":"ABS SAL 2021 + Census 2021 G01"},"geometry":{"type":"Point","coordinates":[151.51988336816206,-32.7609230073363]}},{"type":"Feature","properties":{"sal_code":"10308","name":"Berowra","population":4762,"size_band":"regional_town","source":"ABS SAL 2021 + Census 2021 G01"},"geometry":{"type":"Point","coordinates":[151.15078073386866,-33.62806300629294]}},{"type":"Feature","properties":{"sal_code":"10681","name":"Bungendore","population":4745,"size_band":"regional_town","source":"ABS SAL 2021 + Census 2021 G01"},"geometry":{"type":"Point","coordinates":[149.4805748492111,-35.296023994676865]}},{"type":"Feature","properties":{"sal_code":"12316","name":"Lethbridge Park","population":4730,"size_band":"regional_town","source":"ABS SAL 2021 + Census 2021 G01"},"geometry":{"type":"Point","coordinates":[150.80064412865923,-33.738074989019665]}},{"type":"Feature","properties":{"sal_code":"12462","name":"Malabar","population":4714,"size_band":"regional_town","source":"ABS SAL 2021 + Census 2021 G01"},"geometry":{"type":"Point","coordinates":[151.25386298854144,-33.95803325598003]}},{"type":"Feature","properties":{"sal_code":"11283","name":"Double Bay","population":4709,"size_band":"regional_town","source":"ABS SAL 2021 + Census 2021 G01"},"geometry":{"type":"Point","coordinates":[151.24358623923325,-33.879084426042574]}},{"type":"Feature","properties":{"sal_code":"10115","name":"Avoca Beach","population":4708,"size_band":"regional_town","source":"ABS SAL 2021 + Census 2021 G01"},"geometry":{"type":"Point","coordinates":[151.42452635004818,-33.46745935670288]}},{"type":"Feature","properties":{"sal_code":"12603","name":"Metford","population":4707,"size_band":"regional_town","source":"ABS SAL 2021 + Census 2021 G01"},"geometry":{"type":"Point","coordinates":[151.61107344752426,-32.767972401693946]}},{"type":"Feature","properties":{"sal_code":"13799","name":"Temora","population":4706,"size_band":"regional_town","source":"ABS SAL 2021 + Census 2021 G01"},"geometry":{"type":"Point","coordinates":[147.5250191927065,-34.447332999463946]}},{"type":"Feature","properties":{"sal_code":"13036","name":"Norwest","population":4688,"size_band":"regional_town","source":"ABS SAL 2021 + Census 2021 G01"},"geometry":{"type":"Point","coordinates":[150.96342248014884,-33.72976873145754]}},{"type":"Feature","properties":{"sal_code":"10554","name":"Breakfast Point","population":4678,"size_band":"regional_town","source":"ABS SAL 2021 + Census 2021 G01"},"geometry":{"type":"Point","coordinates":[151.1109274380227,-33.8426627663103]}},{"type":"Feature","properties":{"sal_code":"10392","name":"Blackheath","population":4672,"size_band":"regional_town","source":"ABS SAL 2021 + Census 2021 G01"},"geometry":{"type":"Point","coordinates":[150.28340783526897,-33.63908450105851]}},{"type":"Feature","properties":{"sal_code":"14185","name":"Warrawong","population":4659,"size_band":"regional_town","source":"ABS SAL 2021 + Census 2021 G01"},"geometry":{"type":"Point","coordinates":[150.8829827994048,-34.487740375514925]}},{"type":"Feature","properties":{"sal_code":"13000","name":"North Epping","population":4657,"size_band":"regional_town","source":"ABS SAL 2021 + Census 2021 G01"},"geometry":{"type":"Point","coordinates":[151.09436883640797,-33.75872247635808]}},{"type":"Feature","properties":{"sal_code":"12697","name":"Monterey","population":4619,"size_band":"regional_town","source":"ABS SAL 2021 + Census 2021 G01"},"geometry":{"type":"Point","coordinates":[151.14822300837085,-33.972550441947924]}},{"type":"Feature","properties":{"sal_code":"13019","name":"North Strathfield","population":4618,"size_band":"regional_town","source":"ABS SAL 2021 + Census 2021 G01"},"geometry":{"type":"Point","coordinates":[151.08876947374867,-33.86054759148435]}},{"type":"Feature","properties":{"sal_code":"11845","name":"Hamilton (NSW)","population":4614,"size_band":"regional_town","source":"ABS SAL 2021 + Census 2021 G01"},"geometry":{"type":"Point","coordinates":[151.7441755808022,-32.92145300696962]}},{"type":"Feature","properties":{"sal_code":"12920","name":"Narromine","population":4608,"size_band":"regional_town","source":"ABS SAL 2021 + Census 2021 G01"},"geometry":{"type":"Point","coordinates":[148.1103669394098,-32.2602375062181]}},{"type":"Feature","properties":{"sal_code":"10772","name":"Camden South","population":4595,"size_band":"regional_town","source":"ABS SAL 2021 + Census 2021 G01"},"geometry":{"type":"Point","coordinates":[150.7005381443379,-34.082318021133894]}},{"type":"Feature","properties":{"sal_code":"10103","name":"Ashtonfield","population":4589,"size_band":"regional_town","source":"ABS SAL 2021 + Census 2021 G01"},"geometry":{"type":"Point","coordinates":[151.59970569071024,-32.77795390184826]}},{"type":"Feature","properties":{"sal_code":"11392","name":"Elanora Heights","population":4581,"size_band":"regional_town","source":"ABS SAL 2021 + Census 2021 G01"},"geometry":{"type":"Point","coordinates":[151.27207838088242,-33.701720506299644]}},{"type":"Feature","properties":{"sal_code":"10747","name":"Calala","population":4577,"size_band":"regional_town","source":"ABS SAL 2021 + Census 2021 G01"},"geometry":{"type":"Point","coordinates":[150.97765701256282,-31.168798530764857]}},{"type":"Feature","properties":{"sal_code":"10908","name":"Chisholm (NSW)","population":4577,"size_band":"regional_town","source":"ABS SAL 2021 + Census 2021 G01"},"geometry":{"type":"Point","coordinates":[151.63330168610466,-32.75345715689796]}},{"type":"Feature","properties":{"sal_code":"11958","name":"Hoxton Park","population":4572,"size_band":"regional_town","source":"ABS SAL 2021 + Census 2021 G01"},"geometry":{"type":"Point","coordinates":[150.85793501684552,-33.92987725077953]}},{"type":"Feature","properties":{"sal_code":"13943","name":"Toukley","population":4557,"size_band":"regional_town","source":"ABS SAL 2021 + Census 2021 G01"},"geometry":{"type":"Point","coordinates":[151.5522630752045,-33.257405886408435]}},{"type":"Feature","properties":{"sal_code":"13559","name":"Silverdale (NSW)","population":4543,"size_band":"regional_town","source":"ABS SAL 2021 + Census 2021 G01"},"geometry":{"type":"Point","coordinates":[150.5947261143326,-33.92488900102398]}},{"type":"Feature","properties":{"sal_code":"13557","name":"Shortland","population":4537,"size_band":"regional_town","source":"ABS SAL 2021 + Census 2021 G01"},"geometry":{"type":"Point","coordinates":[151.6921406500033,-32.87468455700994]}},{"type":"Feature","properties":{"sal_code":"14464","name":"Wyong","population":4530,"size_band":"regional_town","source":"ABS SAL 2021 + Census 2021 G01"},"geometry":{"type":"Point","coordinates":[151.43106138173772,-33.27889249674675]}},{"type":"Feature","properties":{"sal_code":"10199","name":"Bargo","population":4516,"size_band":"regional_town","source":"ABS SAL 2021 + Census 2021 G01"},"geometry":{"type":"Point","coordinates":[150.5869285139859,-34.2801713128107]}},{"type":"Feature","properties":{"sal_code":"12318","name":"Leura","population":4503,"size_band":"regional_town","source":"ABS SAL 2021 + Census 2021 G01"},"geometry":{"type":"Point","coordinates":[150.33888299829738,-33.7039090631406]}},{"type":"Feature","properties":{"sal_code":"12138","name":"Killarney Heights","population":4502,"size_band":"regional_town","source":"ABS SAL 2021 + Census 2021 G01"},"geometry":{"type":"Point","coordinates":[151.22035081853943,-33.77249761137509]}},{"type":"Feature","properties":{"sal_code":"14277","name":"Westleigh","population":4501,"size_band":"regional_town","source":"ABS SAL 2021 + Census 2021 G01"},"geometry":{"type":"Point","coordinates":[151.07001184842073,-33.71350299599876]}},{"type":"Feature","properties":{"sal_code":"11070","name":"Cordeaux Heights","population":4460,"size_band":"regional_town","source":"ABS SAL 2021 + Census 2021 G01"},"geometry":{"type":"Point","coordinates":[150.8285157635175,-34.44508093088047]}},{"type":"Feature","properties":{"sal_code":"10718","name":"Busby","population":4446,"size_band":"regional_town","source":"ABS SAL 2021 + Census 2021 G01"},"geometry":{"type":"Point","coordinates":[150.88095856808297,-33.911233619429964]}},{"type":"Feature","properties":{"sal_code":"13485","name":"San Remo (NSW)","population":4434,"size_band":"regional_town","source":"ABS SAL 2021 + Census 2021 G01"},"geometry":{"type":"Point","coordinates":[151.52137225118534,-33.2147369870446]}},{"type":"Feature","properties":{"sal_code":"11649","name":"Glen Alpine","population":4429,"size_band":"regional_town","source":"ABS SAL 2021 + Census 2021 G01"},"geometry":{"type":"Point","coordinates":[150.76496686161724,-34.08767381601163]}},{"type":"Feature","properties":{"sal_code":"11873","name":"Hassall Grove","population":4401,"size_band":"regional_town","source":"ABS SAL 2021 + Census 2021 G01"},"geometry":{"type":"Point","coordinates":[150.83861620856965,-33.731745556249365]}},{"type":"Feature","properties":{"sal_code":"11352","name":"East Gosford","population":4391,"size_band":"regional_town","source":"ABS SAL 2021 + Census 2021 G01"},"geometry":{"type":"Point","coordinates":[151.3544609154651,-33.43514176179048]}},{"type":"Feature","properties":{"sal_code":"12915","name":"Narrandera","population":4369,"size_band":"regional_town","source":"ABS SAL 2021 + Census 2021 G01"},"geometry":{"type":"Point","coordinates":[146.59984851535174,-34.67558431727941]}},{"type":"Feature","properties":{"sal_code":"13639","name":"Springfield (Central Coast - NSW)","population":4310,"size_band":"regional_town","source":"ABS SAL 2021 + Census 2021 G01"},"geometry":{"type":"Point","coordinates":[151.3763313739324,-33.42767886191717]}},{"type":"Feature","properties":{"sal_code":"12251","name":"Lake Cathie","population":4296,"size_band":"regional_town","source":"ABS SAL 2021 + Census 2021 G01"},"geometry":{"type":"Point","coordinates":[152.83800446676187,-31.555592657931523]}},{"type":"Feature","properties":{"sal_code":"12745","name":"Moruya","population":4295,"size_band":"regional_town","source":"ABS SAL 2021 + Census 2021 G01"},"geometry":{"type":"Point","coordinates":[150.0940799992376,-35.90255238069962]}},{"type":"Feature","properties":{"sal_code":"12998","name":"North Curl Curl","population":4288,"size_band":"regional_town","source":"ABS SAL 2021 + Census 2021 G01"},"geometry":{"type":"Point","coordinates":[151.28813113397413,-33.76322500599297]}},{"type":"Feature","properties":{"sal_code":"10334","name":"Bexley North","population":4281,"size_band":"regional_town","source":"ABS SAL 2021 + Census 2021 G01"},"geometry":{"type":"Point","coordinates":[151.1153058006664,-33.942484086269694]}},{"type":"Feature","properties":{"sal_code":"13834","name":"The Entrance","population":4244,"size_band":"regional_town","source":"ABS SAL 2021 + Census 2021 G01"},"geometry":{"type":"Point","coordinates":[151.49609801322435,-33.34428608647329]}},{"type":"Feature","properties":{"sal_code":"13305","name":"Queanbeyan East","population":4240,"size_band":"regional_town","source":"ABS SAL 2021 + Census 2021 G01"},"geometry":{"type":"Point","coordinates":[149.2450681242596,-35.34628832133937]}},{"type":"Feature","properties":{"sal_code":"13699","name":"Suffolk Park","population":4222,"size_band":"regional_town","source":"ABS SAL 2021 + Census 2021 G01"},"geometry":{"type":"Point","coordinates":[153.60777536033459,-28.68826337026674]}},{"type":"Feature","properties":{"sal_code":"10061","name":"Anna Bay","population":4221,"size_band":"regional_town","source":"ABS SAL 2021 + Census 2021 G01"},"geometry":{"type":"Point","coordinates":[152.07485735573383,-32.766404002380305]}},{"type":"Feature","properties":{"sal_code":"14217","name":"Waverley (NSW)","population":4216,"size_band":"regional_town","source":"ABS SAL 2021 + Census 2021 G01"},"geometry":{"type":"Point","coordinates":[151.25602555862042,-33.90184756749818]}},{"type":"Feature","properties":{"sal_code":"10953","name":"Cobbitty","population":4206,"size_band":"regional_town","source":"ABS SAL 2021 + Census 2021 G01"},"geometry":{"type":"Point","coordinates":[150.6799709131758,-33.98532760072283]}},{"type":"Feature","properties":{"sal_code":"14098","name":"Wadalba","population":4204,"size_band":"regional_town","source":"ABS SAL 2021 + Census 2021 G01"},"geometry":{"type":"Point","coordinates":[151.46553009492223,-33.2723017265935]}},{"type":"Feature","properties":{"sal_code":"10339","name":"Bidwill (NSW)","population":4202,"size_band":"regional_town","source":"ABS SAL 2021 + Census 2021 G01"},"geometry":{"type":"Point","coordinates":[150.8218627479968,-33.73004806647738]}},{"type":"Feature","properties":{"sal_code":"10002","name":"Abbotsbury","population":4200,"size_band":"regional_town","source":"ABS SAL 2021 + Census 2021 G01"},"geometry":{"type":"Point","coordinates":[150.85950775310897,-33.87373753300053]}},{"type":"Feature","properties":{"sal_code":"13121","name":"Oxley Park","population":4197,"size_band":"regional_town","source":"ABS SAL 2021 + Census 2021 G01"},"geometry":{"type":"Point","coordinates":[150.79488084951169,-33.77067653604182]}},{"type":"Feature","properties":{"sal_code":"12075","name":"Kanwal","population":4194,"size_band":"regional_town","source":"ABS SAL 2021 + Census 2021 G01"},"geometry":{"type":"Point","coordinates":[151.48443870818485,-33.265080969415585]}},{"type":"Feature","properties":{"sal_code":"13023","name":"North Turramurra","population":4194,"size_band":"regional_town","source":"ABS SAL 2021 + Census 2021 G01"},"geometry":{"type":"Point","coordinates":[151.15406915800162,-33.691487529047606]}},{"type":"Feature","properties":{"sal_code":"12380","name":"Loftus","population":4190,"size_band":"regional_town","source":"ABS SAL 2021 + Census 2021 G01"},"geometry":{"type":"Point","coordinates":[151.04592944307646,-34.044721242751216]}},{"type":"Feature","properties":{"sal_code":"12839","name":"Mullumbimby","population":4180,"size_band":"regional_town","source":"ABS SAL 2021 + Census 2021 G01"},"geometry":{"type":"Point","coordinates":[153.49837328426312,-28.549305990123113]}},{"type":"Feature","properties":{"sal_code":"11494","name":"Farmborough Heights","population":4179,"size_band":"regional_town","source":"ABS SAL 2021 + Census 2021 G01"},"geometry":{"type":"Point","coordinates":[150.81465742578158,-34.45609941096946]}},{"type":"Feature","properties":{"sal_code":"11610","name":"Gerringong","population":4165,"size_band":"regional_town","source":"ABS SAL 2021 + Census 2021 G01"},"geometry":{"type":"Point","coordinates":[150.8239484339656,-34.7451673743161]}},{"type":"Feature","properties":{"sal_code":"13026","name":"North Willoughby","population":4161,"size_band":"regional_town","source":"ABS SAL 2021 + Census 2021 G01"},"geometry":{"type":"Point","coordinates":[151.20060095277617,-33.79540780624185]}},{"type":"Feature","properties":{"sal_code":"11499","name":"Faulconbridge","population":4156,"size_band":"regional_town","source":"ABS SAL 2021 + Census 2021 G01"},"geometry":{"type":"Point","coordinates":[150.55065056686973,-33.68513200138072]}},{"type":"Feature","properties":{"sal_code":"10194","name":"Barden Ridge","population":4129,"size_band":"regional_town","source":"ABS SAL 2021 + Census 2021 G01"},"geometry":{"type":"Point","coordinates":[151.00521745393868,-34.035159936399204]}},{"type":"Feature","properties":{"sal_code":"13017","name":"North St Marys","population":4123,"size_band":"regional_town","source":"ABS SAL 2021 + Census 2021 G01"},"geometry":{"type":"Point","coordinates":[150.78623520809575,-33.754778981182646]}},{"type":"Feature","properties":{"sal_code":"12256","name":"Lake Heights","population":4105,"size_band":"regional_town","source":"ABS SAL 2021 + Census 2021 G01"},"geometry":{"type":"Point","coordinates":[150.86634808892595,-34.483337275891216]}},{"type":"Feature","properties":{"sal_code":"13290","name":"Putney","population":4097,"size_band":"regional_town","source":"ABS SAL 2021 + Census 2021 G01"},"geometry":{"type":"Point","coordinates":[151.10787108915179,-33.82680698594478]}},{"type":"Feature","properties":{"sal_code":"14238","name":"Wellington (NSW)","population":4096,"size_band":"regional_town","source":"ABS SAL 2021 + Census 2021 G01"},"geometry":{"type":"Point","coordinates":[148.95922619062105,-32.5661010065117]}},{"type":"Feature","properties":{"sal_code":"14279","name":"Weston (NSW)","population":4088,"size_band":"regional_town","source":"ABS SAL 2021 + Census 2021 G01"},"geometry":{"type":"Point","coordinates":[151.45623667296508,-32.811926211994304]}},{"type":"Feature","properties":{"sal_code":"11370","name":"Eastgardens","population":4086,"size_band":"regional_town","source":"ABS SAL 2021 + Census 2021 G01"},"geometry":{"type":"Point","coordinates":[151.22653202360152,-33.944098479851526]}},{"type":"Feature","properties":{"sal_code":"12734","name":"Morisset","population":4078,"size_band":"regional_town","source":"ABS SAL 2021 + Census 2021 G01"},"geometry":{"type":"Point","coordinates":[151.49295684183105,-33.11964500146908]}},{"type":"Feature","properties":{"sal_code":"12636","name":"Milperra","population":4074,"size_band":"regional_town","source":"ABS SAL 2021 + Census 2021 G01"},"geometry":{"type":"Point","coordinates":[150.98303155834753,-33.94109375627153]}},{"type":"Feature","properties":{"sal_code":"13807","name":"Tenterfield","population":4067,"size_band":"regional_town","source":"ABS SAL 2021 + Census 2021 G01"},"geometry":{"type":"Point","coordinates":[152.03456971995644,-29.080211994524888]}},{"type":"Feature","properties":{"sal_code":"10466","name":"Bonnells Bay","population":4066,"size_band":"regional_town","source":"ABS SAL 2021 + Census 2021 G01"},"geometry":{"type":"Point","coordinates":[151.52171238030135,-33.10973351186179]}},{"type":"Feature","properties":{"sal_code":"12322","name":"Lewisham (NSW)","population":4060,"size_band":"regional_town","source":"ABS SAL 2021 + Census 2021 G01"},"geometry":{"type":"Point","coordinates":[151.14667880349913,-33.89500349327425]}},{"type":"Feature","properties":{"sal_code":"11848","name":"Hamilton South","population":4057,"size_band":"regional_town","source":"ABS SAL 2021 + Census 2021 G01"},"geometry":{"type":"Point","coordinates":[151.7463475328861,-32.932962972340675]}},{"type":"Feature","properties":{"sal_code":"10996","name":"Como (NSW)","population":4053,"size_band":"regional_town","source":"ABS SAL 2021 + Census 2021 G01"},"geometry":{"type":"Point","coordinates":[151.06344312811137,-34.002574186306916]}},{"type":"Feature","properties":{"sal_code":"13422","name":"Rosehill (NSW)","population":4047,"size_band":"regional_town","source":"ABS SAL 2021 + Census 2021 G01"},"geometry":{"type":"Point","coordinates":[151.03043202130686,-33.82646920095372]}},{"type":"Feature","properties":{"sal_code":"11504","name":"Fern Bay","population":4046,"size_band":"regional_town","source":"ABS SAL 2021 + Census 2021 G01"},"geometry":{"type":"Point","coordinates":[151.8126207878877,-32.86347393689572]}},{"type":"Feature","properties":{"sal_code":"13677","name":"Stockton (NSW)","population":4046,"size_band":"regional_town","source":"ABS SAL 2021 + Census 2021 G01"},"geometry":{"type":"Point","coordinates":[151.79385355238287,-32.88829692915004]}},{"type":"Feature","properties":{"sal_code":"11286","name":"Dover Heights","population":4044,"size_band":"regional_town","source":"ABS SAL 2021 + Census 2021 G01"},"geometry":{"type":"Point","coordinates":[151.28116416804144,-33.87305692457603]}},{"type":"Feature","properties":{"sal_code":"10264","name":"Bellambi","population":4039,"size_band":"regional_town","source":"ABS SAL 2021 + Census 2021 G01"},"geometry":{"type":"Point","coordinates":[150.9191430501508,-34.36919146545329]}},{"type":"Feature","properties":{"sal_code":"12759","name":"Mount Austin","population":4035,"size_band":"regional_town","source":"ABS SAL 2021 + Census 2021 G01"},"geometry":{"type":"Point","coordinates":[147.35654486205377,-35.137146093757096]}},{"type":"Feature","properties":{"sal_code":"11014","name":"Constitution Hill","population":4030,"size_band":"regional_town","source":"ABS SAL 2021 + Census 2021 G01"},"geometry":{"type":"Point","coordinates":[150.9757162706634,-33.793002911043935]}},{"type":"Feature","properties":{"sal_code":"12384","name":"Londonderry (NSW)","population":4024,"size_band":"regional_town","source":"ABS SAL 2021 + Census 2021 G01"},"geometry":{"type":"Point","coordinates":[150.73805282546195,-33.654000646095746]}},{"type":"Feature","properties":{"sal_code":"13114","name":"Ourimbah","population":4019,"size_band":"regional_town","source":"ABS SAL 2021 + Census 2021 G01"},"geometry":{"type":"Point","coordinates":[151.35256812114403,-33.31517252648636]}},{"type":"Feature","properties":{"sal_code":"10861","name":"Caves Beach","population":4016,"size_band":"regional_town","source":"ABS SAL 2021 + Census 2021 G01"},"geometry":{"type":"Point","coordinates":[151.64551130807035,-33.10767629105067]}},{"type":"Feature","properties":{"sal_code":"12093","name":"Keiraville","population":4001,"size_band":"regional_town","source":"ABS SAL 2021 + Census 2021 G01"},"geometry":{"type":"Point","coordinates":[150.87380524394962,-34.409878107901]}},{"type":"Feature","properties":{"sal_code":"13001","name":"North Gosford","population":3986,"size_band":"regional_town","source":"ABS SAL 2021 + Census 2021 G01"},"geometry":{"type":"Point","coordinates":[151.35422220704297,-33.418858231190114]}},{"type":"Feature","properties":{"sal_code":"13507","name":"Saratoga","population":3982,"size_band":"regional_town","source":"ABS SAL 2021 + Census 2021 G01"},"geometry":{"type":"Point","coordinates":[151.35132036750255,-33.47576319165482]}},{"type":"Feature","properties":{"sal_code":"12208","name":"Kotara","population":3980,"size_band":"regional_town","source":"ABS SAL 2021 + Census 2021 G01"},"geometry":{"type":"Point","coordinates":[151.69582961226024,-32.94285186227477]}},{"type":"Feature","properties":{"sal_code":"14199","name":"Watanobbi","population":3980,"size_band":"regional_town","source":"ABS SAL 2021 + Census 2021 G01"},"geometry":{"type":"Point","coordinates":[151.42531917706683,-33.268128006864295]}},{"type":"Feature","properties":{"sal_code":"11212","name":"Darling Point","population":3977,"size_band":"regional_town","source":"ABS SAL 2021 + Census 2021 G01"},"geometry":{"type":"Point","coordinates":[151.23559824365705,-33.87294503756965]}},{"type":"Feature","properties":{"sal_code":"13243","name":"Point Clare","population":3974,"size_band":"regional_town","source":"ABS SAL 2021 + Census 2021 G01"},"geometry":{"type":"Point","coordinates":[151.31890544560264,-33.440170711476895]}},{"type":"Feature","properties":{"sal_code":"13122","name":"Oxley Vale","population":3935,"size_band":"regional_town","source":"ABS SAL 2021 + Census 2021 G01"},"geometry":{"type":"Point","coordinates":[150.89072224461663,-31.054394002871554]}},{"type":"Feature","properties":{"sal_code":"10273","name":"Bellingen","population":3923,"size_band":"regional_town","source":"ABS SAL 2021 + Census 2021 G01"},"geometry":{"type":"Point","coordinates":[152.9078585583013,-30.454022618716014]}},{"type":"Feature","properties":{"sal_code":"13715","name":"Sussex Inlet","population":3888,"size_band":"regional_town","source":"ABS SAL 2021 + Census 2021 G01"},"geometry":{"type":"Point","coordinates":[150.57021253382163,-35.147132510154314]}},{"type":"Feature","properties":{"sal_code":"13136","name":"Pagewood","population":3885,"size_band":"regional_town","source":"ABS SAL 2021 + Census 2021 G01"},"geometry":{"type":"Point","coordinates":[151.223670588486,-33.93682599125362]}},{"type":"Feature","properties":{"sal_code":"14256","name":"West Albury","population":3872,"size_band":"regional_town","source":"ABS SAL 2021 + Census 2021 G01"},"geometry":{"type":"Point","coordinates":[146.88731361577544,-36.073643037288896]}},{"type":"Feature","properties":{"sal_code":"11428","name":"Enmore (Inner West - NSW)","population":3871,"size_band":"regional_town","source":"ABS SAL 2021 + Census 2021 G01"},"geometry":{"type":"Point","coordinates":[151.17012550884607,-33.900210811497985]}},{"type":"Feature","properties":{"sal_code":"13238","name":"Pitt Town","population":3871,"size_band":"regional_town","source":"ABS SAL 2021 + Census 2021 G01"},"geometry":{"type":"Point","coordinates":[150.87169738576299,-33.58414678112869]}},{"type":"Feature","properties":{"sal_code":"14093","name":"Vincentia","population":3870,"size_band":"regional_town","source":"ABS SAL 2021 + Census 2021 G01"},"geometry":{"type":"Point","coordinates":[150.67239398936854,-35.07549271299814]}},{"type":"Feature","properties":{"sal_code":"12958","name":"Newcastle","population":3852,"size_band":"regional_town","source":"ABS SAL 2021 + Census 2021 G01"},"geometry":{"type":"Point","coordinates":[151.7829243396158,-32.93104763725912]}},{"type":"Feature","properties":{"sal_code":"12586","name":"Merimbula","population":3821,"size_band":"regional_town","source":"ABS SAL 2021 + Census 2021 G01"},"geometry":{"type":"Point","coordinates":[149.90424351553287,-36.89715509698475]}},{"type":"Feature","properties":{"sal_code":"12991","name":"North Balgowlah","population":3816,"size_band":"regional_town","source":"ABS SAL 2021 + Census 2021 G01"},"geometry":{"type":"Point","coordinates":[151.2524343815754,-33.78697591622563]}},{"type":"Feature","properties":{"sal_code":"10237","name":"Bayview (NSW)","population":3807,"size_band":"regional_town","source":"ABS SAL 2021 + Census 2021 G01"},"geometry":{"type":"Point","coordinates":[151.29234791485104,-33.66062204669582]}},{"type":"Feature","properties":{"sal_code":"11677","name":"Glenorie","population":3792,"size_band":"regional_town","source":"ABS SAL 2021 + Census 2021 G01"},"geometry":{"type":"Point","coordinates":[150.98601350874662,-33.56663036807934]}},{"type":"Feature","properties":{"sal_code":"14424","name":"Woolloomooloo","population":3792,"size_band":"regional_town","source":"ABS SAL 2021 + Census 2021 G01"},"geometry":{"type":"Point","coordinates":[151.21847850311187,-33.872387658895036]}},{"type":"Feature","properties":{"sal_code":"13513","name":"Sawtell","population":3788,"size_band":"regional_town","source":"ABS SAL 2021 + Census 2021 G01"},"geometry":{"type":"Point","coordinates":[153.09727870071964,-30.3665460040549]}},{"type":"Feature","properties":{"sal_code":"11831","name":"Gwandalan","population":3785,"size_band":"regional_town","source":"ABS SAL 2021 + Census 2021 G01"},"geometry":{"type":"Point","coordinates":[151.5818149378348,-33.13951294262573]}},{"type":"Feature","properties":{"sal_code":"13353","name":"Redhead","population":3785,"size_band":"regional_town","source":"ABS SAL 2021 + Census 2021 G01"},"geometry":{"type":"Point","coordinates":[151.7095095526655,-33.01069271884365]}},{"type":"Feature","properties":{"sal_code":"11019","name":"Cooks Hill","population":3774,"size_band":"regional_town","source":"ABS SAL 2021 + Census 2021 G01"},"geometry":{"type":"Point","coordinates":[151.76764387176712,-32.93336929688511]}},{"type":"Feature","properties":{"sal_code":"14329","name":"Wilton (NSW)","population":3767,"size_band":"regional_town","source":"ABS SAL 2021 + Census 2021 G01"},"geometry":{"type":"Point","coordinates":[150.6818693884427,-34.25605670687757]}},{"type":"Feature","properties":{"sal_code":"10102","name":"Ashmont","population":3747,"size_band":"regional_town","source":"ABS SAL 2021 + Census 2021 G01"},"geometry":{"type":"Point","coordinates":[147.33228412765092,-35.12459541940407]}},{"type":"Feature","properties":{"sal_code":"12196","name":"Koonawarra","population":3732,"size_band":"regional_town","source":"ABS SAL 2021 + Census 2021 G01"},"geometry":{"type":"Point","coordinates":[150.80865580921613,-34.50681135239337]}},{"type":"Feature","properties":{"sal_code":"11240","name":"Denistone","population":3726,"size_band":"regional_town","source":"ABS SAL 2021 + Census 2021 G01"},"geometry":{"type":"Point","coordinates":[151.08859769700177,-33.798722696427326]}},{"type":"Feature","properties":{"sal_code":"10702","name":"Burraneer","population":3719,"size_band":"regional_town","source":"ABS SAL 2021 + Census 2021 G01"},"geometry":{"type":"Point","coordinates":[151.13762406840456,-34.06646348102172]}},{"type":"Feature","properties":{"sal_code":"12777","name":"Mount Hutton (NSW)","population":3712,"size_band":"regional_town","source":"ABS SAL 2021 + Census 2021 G01"},"geometry":{"type":"Point","coordinates":[151.66867271746617,-32.97596863527424]}},{"type":"Feature","properties":{"sal_code":"11360","name":"East Lindfield","population":3710,"size_band":"regional_town","source":"ABS SAL 2021 + Census 2021 G01"},"geometry":{"type":"Point","coordinates":[151.1867280820956,-33.767411831109904]}},{"type":"Feature","properties":{"sal_code":"13952","name":"Tregear","population":3700,"size_band":"regional_town","source":"ABS SAL 2021 + Census 2021 G01"},"geometry":{"type":"Point","coordinates":[150.7927442380494,-33.74517209637631]}},{"type":"Feature","properties":{"sal_code":"14253","name":"Werrington County","population":3698,"size_band":"regional_town","source":"ABS SAL 2021 + Census 2021 G01"},"geometry":{"type":"Point","coordinates":[150.74860743716226,-33.74700652600782]}},{"type":"Feature","properties":{"sal_code":"11851","name":"Hammondville","population":3691,"size_band":"regional_town","source":"ABS SAL 2021 + Census 2021 G01"},"geometry":{"type":"Point","coordinates":[150.96222061963863,-33.95081954087514]}},{"type":"Feature","properties":{"sal_code":"13164","name":"Parklea","population":3684,"size_band":"regional_town","source":"ABS SAL 2021 + Census 2021 G01"},"geometry":{"type":"Point","coordinates":[150.9158400876832,-33.725211960922906]}},{"type":"Feature","properties":{"sal_code":"11942","name":"Horningsea Park","population":3673,"size_band":"regional_town","source":"ABS SAL 2021 + Census 2021 G01"},"geometry":{"type":"Point","coordinates":[150.84438621340374,-33.946139001344]}},{"type":"Feature","properties":{"sal_code":"11743","name":"Grantham Farm","population":3669,"size_band":"regional_town","source":"ABS SAL 2021 + Census 2021 G01"},"geometry":{"type":"Point","coordinates":[150.8769915332281,-33.663563241315565]}},{"type":"Feature","properties":{"sal_code":"10014","name":"Acacia Gardens","population":3668,"size_band":"regional_town","source":"ABS SAL 2021 + Census 2021 G01"},"geometry":{"type":"Point","coordinates":[150.91403107563542,-33.73410733088437]}},{"type":"Feature","properties":{"sal_code":"12353","name":"Lismore (NSW)","population":3656,"size_band":"regional_town","source":"ABS SAL 2021 + Census 2021 G01"},"geometry":{"type":"Point","coordinates":[153.2855243021922,-28.806623000440055]}},{"type":"Feature","properties":{"sal_code":"10350","name":"Bilgola Plateau","population":3650,"size_band":"regional_town","source":"ABS SAL 2021 + Census 2021 G01"},"geometry":{"type":"Point","coordinates":[151.31529006255397,-33.64513712673742]}},{"type":"Feature","properties":{"sal_code":"13691","name":"Strathfield South","population":3636,"size_band":"regional_town","source":"ABS SAL 2021 + Census 2021 G01"},"geometry":{"type":"Point","coordinates":[151.07430274480015,-33.89655886616878]}},{"type":"Feature","properties":{"sal_code":"10098","name":"Ashcroft","population":3634,"size_band":"regional_town","source":"ABS SAL 2021 + Census 2021 G01"},"geometry":{"type":"Point","coordinates":[150.9009594932052,-33.91675689977411]}},{"type":"Feature","properties":{"sal_code":"14258","name":"West Bathurst","population":3634,"size_band":"regional_town","source":"ABS SAL 2021 + Census 2021 G01"},"geometry":{"type":"Point","coordinates":[149.5632655813947,-33.407940000637055]}},{"type":"Feature","properties":{"sal_code":"12182","name":"Kirribilli","population":3629,"size_band":"regional_town","source":"ABS SAL 2021 + Census 2021 G01"},"geometry":{"type":"Point","coordinates":[151.21610161027746,-33.8474752061795]}},{"type":"Feature","properties":{"sal_code":"13659","name":"St Peters (NSW)","population":3629,"size_band":"regional_town","source":"ABS SAL 2021 + Census 2021 G01"},"geometry":{"type":"Point","coordinates":[151.1782355100109,-33.91593638582537]}},{"type":"Feature","properties":{"sal_code":"12871","name":"Murrumbateman","population":3607,"size_band":"regional_town","source":"ABS SAL 2021 + Census 2021 G01"},"geometry":{"type":"Point","coordinates":[149.02440677982696,-34.97445700480048]}},{"type":"Feature","properties":{"sal_code":"12443","name":"Macquarie Hills","population":3605,"size_band":"regional_town","source":"ABS SAL 2021 + Census 2021 G01"},"geometry":{"type":"Point","coordinates":[151.64384528445956,-32.95033056663957]}},{"type":"Feature","properties":{"sal_code":"10948","name":"Cobar","population":3603,"size_band":"regional_town","source":"ABS SAL 2021 + Census 2021 G01"},"geometry":{"type":"Point","coordinates":[145.8105579376292,-31.48431600046812]}},{"type":"Feature","properties":{"sal_code":"13562","name":"Silverwater (Parramatta - NSW)","population":3600,"size_band":"regional_town","source":"ABS SAL 2021 + Census 2021 G01"},"geometry":{"type":"Point","coordinates":[151.04269674054217,-33.83413775136676]}},{"type":"Feature","properties":{"sal_code":"12498","name":"Mardi","population":3598,"size_band":"regional_town","source":"ABS SAL 2021 + Census 2021 G01"},"geometry":{"type":"Point","coordinates":[151.40216378189177,-33.29239801180391]}},{"type":"Feature","properties":{"sal_code":"13132","name":"Padstow Heights","population":3594,"size_band":"regional_town","source":"ABS SAL 2021 + Census 2021 G01"},"geometry":{"type":"Point","coordinates":[151.0338501100646,-33.97041703075074]}},{"type":"Feature","properties":{"sal_code":"10391","name":"Blackett","population":3586,"size_band":"regional_town","source":"ABS SAL 2021 + Census 2021 G01"},"geometry":{"type":"Point","coordinates":[150.8149055000389,-33.73836814606241]}},{"type":"Feature","properties":{"sal_code":"12081","name":"Kareela","population":3572,"size_band":"regional_town","source":"ABS SAL 2021 + Census 2021 G01"},"geometry":{"type":"Point","coordinates":[151.0826010481198,-34.01595425785566]}},{"type":"Feature","properties":{"sal_code":"14001","name":"Turvey Park","population":3572,"size_band":"regional_town","source":"ABS SAL 2021 + Census 2021 G01"},"geometry":{"type":"Point","coordinates":[147.36045013773284,-35.127473824300196]}},{"type":"Feature","properties":{"sal_code":"10642","name":"Buff Point","population":3559,"size_band":"regional_town","source":"ABS SAL 2021 + Census 2021 G01"},"geometry":{"type":"Point","coordinates":[151.53668387799792,-33.23205559705243]}},{"type":"Feature","properties":{"sal_code":"13800","name":"Tempe","population":3550,"size_band":"regional_town","source":"ABS SAL 2021 + Census 2021 G01"},"geometry":{"type":"Point","coordinates":[151.16520329804456,-33.924880296300636]}},{"type":"Feature","properties":{"sal_code":"10155","name":"Balgowlah Heights","population":3546,"size_band":"regional_town","source":"ABS SAL 2021 + Census 2021 G01"},"geometry":{"type":"Point","coordinates":[151.26514479544738,-33.80769999641399]}},{"type":"Feature","properties":{"sal_code":"12255","name":"Lake Haven","population":3529,"size_band":"regional_town","source":"ABS SAL 2021 + Census 2021 G01"},"geometry":{"type":"Point","coordinates":[151.50088631216647,-33.244684582029286]}},{"type":"Feature","properties":{"sal_code":"11682","name":"Glenroy (Albury - NSW)","population":3528,"size_band":"regional_town","source":"ABS SAL 2021 + Census 2021 G01"},"geometry":{"type":"Point","coordinates":[146.898706014276,-36.05257599849942]}},{"type":"Feature","properties":{"sal_code":"13548","name":"Shellharbour","population":3520,"size_band":"regional_town","source":"ABS SAL 2021 + Census 2021 G01"},"geometry":{"type":"Point","coordinates":[150.86178073601786,-34.57596954028589]}},{"type":"Feature","properties":{"sal_code":"10639","name":"Budgewoi","population":3497,"size_band":"regional_town","source":"ABS SAL 2021 + Census 2021 G01"},"geometry":{"type":"Point","coordinates":[151.56514093774038,-33.240621125744326]}},{"type":"Feature","properties":{"sal_code":"10347","name":"Bilambil Heights","population":3491,"size_band":"regional_town","source":"ABS SAL 2021 + Census 2021 G01"},"geometry":{"type":"Point","coordinates":[153.48097077742275,-28.21010701076782]}},{"type":"Feature","properties":{"sal_code":"10900","name":"Chifley (NSW)","population":3490,"size_band":"regional_town","source":"ABS SAL 2021 + Census 2021 G01"},"geometry":{"type":"Point","coordinates":[151.2396163486341,-33.969387030503015]}},{"type":"Feature","properties":{"sal_code":"10741","name":"Caddens","population":3487,"size_band":"regional_town","source":"ABS SAL 2021 + Census 2021 G01"},"geometry":{"type":"Point","coordinates":[150.73229765630487,-33.77280837644981]}},{"type":"Feature","properties":{"sal_code":"11043","name":"Coonabarabran","population":3477,"size_band":"regional_town","source":"ABS SAL 2021 + Census 2021 G01"},"geometry":{"type":"Point","coordinates":[149.2462307490531,-31.27683487732391]}},{"type":"Feature","properties":{"sal_code":"12158","name":"Kings Park (NSW)","population":3476,"size_band":"regional_town","source":"ABS SAL 2021 + Census 2021 G01"},"geometry":{"type":"Point","coordinates":[150.90868148145606,-33.74370395612016]}},{"type":"Feature","properties":{"sal_code":"10825","name":"Carramar (NSW)","population":3475,"size_band":"regional_town","source":"ABS SAL 2021 + Census 2021 G01"},"geometry":{"type":"Point","coordinates":[150.9638125286452,-33.884090681790795]}},{"type":"Feature","properties":{"sal_code":"13905","name":"Tolland","population":3459,"size_band":"regional_town","source":"ABS SAL 2021 + Census 2021 G01"},"geometry":{"type":"Point","coordinates":[147.35165304395326,-35.145594359299004]}},{"type":"Feature","properties":{"sal_code":"13270","name":"Prairiewood","population":3457,"size_band":"regional_town","source":"ABS SAL 2021 + Census 2021 G01"},"geometry":{"type":"Point","coordinates":[150.9037983590475,-33.86527406099871]}},{"type":"Feature","properties":{"sal_code":"13538","name":"Shalvey","population":3455,"size_band":"regional_town","source":"ABS SAL 2021 + Census 2021 G01"},"geometry":{"type":"Point","coordinates":[150.80633279912908,-33.7278751308164]}},{"type":"Feature","properties":{"sal_code":"13004","name":"North Lambton","population":3454,"size_band":"regional_town","source":"ABS SAL 2021 + Census 2021 G01"},"geometry":{"type":"Point","coordinates":[151.70424483580578,-32.903460826898424]}},{"type":"Feature","properties":{"sal_code":"10409","name":"Blayney","population":3448,"size_band":"regional_town","source":"ABS SAL 2021 + Census 2021 G01"},"geometry":{"type":"Point","coordinates":[149.25455584911774,-33.53786284702868]}},{"type":"Feature","properties":{"sal_code":"10450","name":"Bolwarra Heights","population":3436,"size_band":"regional_town","source":"ABS SAL 2021 + Census 2021 G01"},"geometry":{"type":"Point","coordinates":[151.58564975774786,-32.69059754644255]}},{"type":"Feature","properties":{"sal_code":"11351","name":"East Corrimal","population":3432,"size_band":"regional_town","source":"ABS SAL 2021 + Census 2021 G01"},"geometry":{"type":"Point","coordinates":[150.91165442983768,-34.377476036076615]}},{"type":"Feature","properties":{"sal_code":"14333","name":"Windale","population":3421,"size_band":"regional_town","source":"ABS SAL 2021 + Census 2021 G01"},"geometry":{"type":"Point","coordinates":[151.6818837579544,-32.99282548470476]}},{"type":"Feature","properties":{"sal_code":"13309","name":"Queenscliff (NSW)","population":3407,"size_band":"regional_town","source":"ABS SAL 2021 + Census 2021 G01"},"geometry":{"type":"Point","coordinates":[151.28444975259987,-33.78264746120798]}},{"type":"Feature","properties":{"sal_code":"13991","name":"Tura Beach","population":3405,"size_band":"regional_town","source":"ABS SAL 2021 + Census 2021 G01"},"geometry":{"type":"Point","coordinates":[149.92501349555636,-36.85774963664013]}},{"type":"Feature","properties":{"sal_code":"13621","name":"Speers Point","population":3400,"size_band":"regional_town","source":"ABS SAL 2021 + Census 2021 G01"},"geometry":{"type":"Point","coordinates":[151.62774838276488,-32.96334000915904]}},{"type":"Feature","properties":{"sal_code":"13007","name":"North Manly","population":3396,"size_band":"regional_town","source":"ABS SAL 2021 + Census 2021 G01"},"geometry":{"type":"Point","coordinates":[151.27499628858828,-33.76988742804243]}},{"type":"Feature","properties":{"sal_code":"10598","name":"Brookvale","population":3389,"size_band":"regional_town","source":"ABS SAL 2021 + Census 2021 G01"},"geometry":{"type":"Point","coordinates":[151.26990451448873,-33.762679341019705]}},{"type":"Feature","properties":{"sal_code":"11865","name":"Harrington","population":3381,"size_band":"regional_town","source":"ABS SAL 2021 + Census 2021 G01"},"geometry":{"type":"Point","coordinates":[152.6804382968575,-31.856801508279457]}},{"type":"Feature","properties":{"sal_code":"10769","name":"Camden","population":3378,"size_band":"regional_town","source":"ABS SAL 2021 + Census 2021 G01"},"geometry":{"type":"Point","coordinates":[150.69372639830326,-34.05901413274179]}},{"type":"Feature","properties":{"sal_code":"12628","name":"Miller","population":3374,"size_band":"regional_town","source":"ABS SAL 2021 + Census 2021 G01"},"geometry":{"type":"Point","coordinates":[150.880484337563,-33.920608141379994]}},{"type":"Feature","properties":{"sal_code":"11354","name":"East Hills","population":3370,"size_band":"regional_town","source":"ABS SAL 2021 + Census 2021 G01"},"geometry":{"type":"Point","coordinates":[150.98818657384308,-33.96119353122953]}},{"type":"Feature","properties":{"sal_code":"13817","name":"Terranora","population":3365,"size_band":"regional_town","source":"ABS SAL 2021 + Census 2021 G01"},"geometry":{"type":"Point","coordinates":[153.50650337984257,-28.241322375969663]}},{"type":"Feature","properties":{"sal_code":"12906","name":"Narellan","population":3358,"size_band":"regional_town","source":"ABS SAL 2021 + Census 2021 G01"},"geometry":{"type":"Point","coordinates":[150.73423220701528,-34.04294750560244]}},{"type":"Feature","properties":{"sal_code":"13314","name":"Quirindi","population":3355,"size_band":"regional_town","source":"ABS SAL 2021 + Census 2021 G01"},"geometry":{"type":"Point","coordinates":[150.62718899459057,-31.499453012237755]}},{"type":"Feature","properties":{"sal_code":"11552","name":"Forresters Beach","population":3354,"size_band":"regional_town","source":"ABS SAL 2021 + Census 2021 G01"},"geometry":{"type":"Point","coordinates":[151.46444197999165,-33.40857050647949]}},{"type":"Feature","properties":{"sal_code":"10094","name":"Ashbury","population":3353,"size_band":"regional_town","source":"ABS SAL 2021 + Census 2021 G01"},"geometry":{"type":"Point","coordinates":[151.1179929320741,-33.90112789079719]}},{"type":"Feature","properties":{"sal_code":"11378","name":"Eden","population":3350,"size_band":"regional_town","source":"ABS SAL 2021 + Census 2021 G01"},"geometry":{"type":"Point","coordinates":[149.89366950561228,-37.019475503807215]}},{"type":"Feature","properties":{"sal_code":"11784","name":"Greta (NSW)","population":3349,"size_band":"regional_town","source":"ABS SAL 2021 + Census 2021 G01"},"geometry":{"type":"Point","coordinates":[151.38590440281,-32.69081108676396]}},{"type":"Feature","properties":{"sal_code":"11580","name":"Gables","population":3339,"size_band":"regional_town","source":"ABS SAL 2021 + Census 2021 G01"},"geometry":{"type":"Point","coordinates":[150.9076387080911,-33.62872425152874]}},{"type":"Feature","properties":{"sal_code":"10819","name":"Carnes Hill","population":3332,"size_band":"regional_town","source":"ABS SAL 2021 + Census 2021 G01"},"geometry":{"type":"Point","coordinates":[150.84854472416137,-33.93760576579502]}},{"type":"Feature","properties":{"sal_code":"10378","name":"Birrong","population":3331,"size_band":"regional_town","source":"ABS SAL 2021 + Census 2021 G01"},"geometry":{"type":"Point","coordinates":[151.02102521668945,-33.891923256284414]}},{"type":"Feature","properties":{"sal_code":"13079","name":"Oberon","population":3319,"size_band":"regional_town","source":"ABS SAL 2021 + Census 2021 G01"},"geometry":{"type":"Point","coordinates":[149.8549065040099,-33.6949004508878]}},{"type":"Feature","properties":{"sal_code":"10438","name":"Bogangar","population":3313,"size_band":"regional_town","source":"ABS SAL 2021 + Census 2021 G01"},"geometry":{"type":"Point","coordinates":[153.55778149528595,-28.329081799719813]}},{"type":"Feature","properties":{"sal_code":"14342","name":"Windradyne","population":3309,"size_band":"regional_town","source":"ABS SAL 2021 + Census 2021 G01"},"geometry":{"type":"Point","coordinates":[149.54599002267364,-33.405786495655896]}},{"type":"Feature","properties":{"sal_code":"10390","name":"Blackbutt (NSW)","population":3291,"size_band":"regional_town","source":"ABS SAL 2021 + Census 2021 G01"},"geometry":{"type":"Point","coordinates":[150.8330499272691,-34.57128549572222]}},{"type":"Feature","properties":{"sal_code":"12259","name":"Lake Illawarra","population":3288,"size_band":"regional_town","source":"ABS SAL 2021 + Census 2021 G01"},"geometry":{"type":"Point","coordinates":[150.8611139156842,-34.54356611555832]}},{"type":"Feature","properties":{"sal_code":"13794","name":"Tea Gardens","population":3288,"size_band":"regional_town","source":"ABS SAL 2021 + Census 2021 G01"},"geometry":{"type":"Point","coordinates":[152.13013363355492,-32.625492997596034]}},{"type":"Feature","properties":{"sal_code":"13655","name":"St Ives Chase","population":3283,"size_band":"regional_town","source":"ABS SAL 2021 + Census 2021 G01"},"geometry":{"type":"Point","coordinates":[151.16513553812268,-33.70303728465269]}},{"type":"Feature","properties":{"sal_code":"10179","name":"Banksia","population":3277,"size_band":"regional_town","source":"ABS SAL 2021 + Census 2021 G01"},"geometry":{"type":"Point","coordinates":[151.14612421867704,-33.94651051628839]}},{"type":"Feature","properties":{"sal_code":"13092","name":"Old Toongabbie","population":3276,"size_band":"regional_town","source":"ABS SAL 2021 + Census 2021 G01"},"geometry":{"type":"Point","coordinates":[150.97137970303666,-33.78438705035767]}},{"type":"Feature","properties":{"sal_code":"10301","name":"Beresfield","population":3267,"size_band":"regional_town","source":"ABS SAL 2021 + Census 2021 G01"},"geometry":{"type":"Point","coordinates":[151.64287926764408,-32.80296154722275]}},{"type":"Feature","properties":{"sal_code":"10022","name":"Airds","population":3265,"size_band":"regional_town","source":"ABS SAL 2021 + Census 2021 G01"},"geometry":{"type":"Point","coordinates":[150.8330218432383,-34.08670398621691]}},{"type":"Feature","properties":{"sal_code":"11894","name":"Heckenberg","population":3263,"size_band":"regional_town","source":"ABS SAL 2021 + Census 2021 G01"},"geometry":{"type":"Point","coordinates":[150.8915108252989,-33.90786473099551]}},{"type":"Feature","properties":{"sal_code":"14375","name":"Wollongbar","population":3261,"size_band":"regional_town","source":"ABS SAL 2021 + Census 2021 G01"},"geometry":{"type":"Point","coordinates":[153.4085520658157,-28.819393914376576]}},{"type":"Feature","properties":{"sal_code":"11662","name":"Glendale (NSW)","population":3260,"size_band":"regional_town","source":"ABS SAL 2021 + Census 2021 G01"},"geometry":{"type":"Point","coordinates":[151.64912351018464,-32.928957311789326]}},{"type":"Feature","properties":{"sal_code":"10850","name":"Casuarina (NSW)","population":3256,"size_band":"regional_town","source":"ABS SAL 2021 + Census 2021 G01"},"geometry":{"type":"Point","coordinates":[153.57079911052725,-28.302497833054645]}},{"type":"Feature","properties":{"sal_code":"13555","name":"Shoalhaven Heads","population":3248,"size_band":"regional_town","source":"ABS SAL 2021 + Census 2021 G01"},"geometry":{"type":"Point","coordinates":[150.7411452093522,-34.84926739212064]}},{"type":"Feature","properties":{"sal_code":"13476","name":"Sadleir","population":3243,"size_band":"regional_town","source":"ABS SAL 2021 + Census 2021 G01"},"geometry":{"type":"Point","coordinates":[150.8905435032313,-33.917065493131034]}},{"type":"Feature","properties":{"sal_code":"13947","name":"Towradgi","population":3241,"size_band":"regional_town","source":"ABS SAL 2021 + Census 2021 G01"},"geometry":{"type":"Point","coordinates":[150.9052968109252,-34.38413385596882]}},{"type":"Feature","properties":{"sal_code":"13764","name":"Tanilba Bay","population":3237,"size_band":"regional_town","source":"ABS SAL 2021 + Census 2021 G01"},"geometry":{"type":"Point","coordinates":[151.98230636015714,-32.74284566697809]}},{"type":"Feature","properties":{"sal_code":"14285","name":"Wheeler Heights","population":3232,"size_band":"regional_town","source":"ABS SAL 2021 + Census 2021 G01"},"geometry":{"type":"Point","coordinates":[151.2815239343296,-33.72851099613866]}},{"type":"Feature","properties":{"sal_code":"14257","name":"West Ballina","population":3230,"size_band":"regional_town","source":"ABS SAL 2021 + Census 2021 G01"},"geometry":{"type":"Point","coordinates":[153.51891503471225,-28.85657334511196]}},{"type":"Feature","properties":{"sal_code":"10373","name":"Birchgrove","population":3228,"size_band":"regional_town","source":"ABS SAL 2021 + Census 2021 G01"},"geometry":{"type":"Point","coordinates":[151.18225405246747,-33.85092773623766]}},{"type":"Feature","properties":{"sal_code":"14254","name":"Werrington Downs","population":3221,"size_band":"regional_town","source":"ABS SAL 2021 + Census 2021 G01"},"geometry":{"type":"Point","coordinates":[150.73219607571082,-33.74159475109451]}},{"type":"Feature","properties":{"sal_code":"13651","name":"St Georges Basin","population":3215,"size_band":"regional_town","source":"ABS SAL 2021 + Census 2021 G01"},"geometry":{"type":"Point","coordinates":[150.60161159408582,-35.11187842444042]}},{"type":"Feature","properties":{"sal_code":"10064","name":"Appin (NSW)","population":3213,"size_band":"regional_town","source":"ABS SAL 2021 + Census 2021 G01"},"geometry":{"type":"Point","coordinates":[150.80580283263734,-34.21183731590233]}},{"type":"Feature","properties":{"sal_code":"12032","name":"Jesmond","population":3210,"size_band":"regional_town","source":"ABS SAL 2021 + Census 2021 G01"},"geometry":{"type":"Point","coordinates":[151.6940431075019,-32.90384750698658]}},{"type":"Feature","properties":{"sal_code":"11400","name":"Elizabeth Hills","population":3208,"size_band":"regional_town","source":"ABS SAL 2021 + Census 2021 G01"},"geometry":{"type":"Point","coordinates":[150.84869489822242,-33.90019194604947]}},{"type":"Feature","properties":{"sal_code":"13614","name":"South Turramurra","population":3208,"size_band":"regional_town","source":"ABS SAL 2021 + Census 2021 G01"},"geometry":{"type":"Point","coordinates":[151.10909719519148,-33.75249906161996]}},{"type":"Feature","properties":{"sal_code":"11420","name":"Emu Heights (NSW)","population":3205,"size_band":"regional_town","source":"ABS SAL 2021 + Census 2021 G01"},"geometry":{"type":"Point","coordinates":[150.64899201832614,-33.731658273257516]}},{"type":"Feature","properties":{"sal_code":"13733","name":"Sylvania Waters","population":3200,"size_band":"regional_town","source":"ABS SAL 2021 + Census 2021 G01"},"geometry":{"type":"Point","coordinates":[151.1123295285182,-34.02281414991178]}},{"type":"Feature","properties":{"sal_code":"11586","name":"Galston","population":3195,"size_band":"regional_town","source":"ABS SAL 2021 + Census 2021 G01"},"geometry":{"type":"Point","coordinates":[151.0625975062052,-33.6483250011372]}},{"type":"Feature","properties":{"sal_code":"11002","name":"Condobolin","population":3185,"size_band":"regional_town","source":"ABS SAL 2021 + Census 2021 G01"},"geometry":{"type":"Point","coordinates":[146.96764386375153,-32.747649832081436]}},{"type":"Feature","properties":{"sal_code":"14079","name":"Urunga","population":3185,"size_band":"regional_town","source":"ABS SAL 2021 + Census 2021 G01"},"geometry":{"type":"Point","coordinates":[152.99646708614944,-30.518512809373004]}},{"type":"Feature","properties":{"sal_code":"11226","name":"Dean Park","population":3180,"size_band":"regional_town","source":"ABS SAL 2021 + Census 2021 G01"},"geometry":{"type":"Point","coordinates":[150.86034360942972,-33.73535515151406]}},{"type":"Feature","properties":{"sal_code":"10679","name":"Bungarribee","population":3177,"size_band":"regional_town","source":"ABS SAL 2021 + Census 2021 G01"},"geometry":{"type":"Point","coordinates":[150.86392573325332,-33.784718151276685]}},{"type":"Feature","properties":{"sal_code":"14183","name":"Warrawee","population":3170,"size_band":"regional_town","source":"ABS SAL 2021 + Census 2021 G01"},"geometry":{"type":"Point","coordinates":[151.1214415033644,-33.726140389563184]}},{"type":"Feature","properties":{"sal_code":"13610","name":"South Nowra","population":3165,"size_band":"regional_town","source":"ABS SAL 2021 + Census 2021 G01"},"geometry":{"type":"Point","coordinates":[150.59734646138878,-34.90891697007786]}},{"type":"Feature","properties":{"sal_code":"13385","name":"Riverview (NSW)","population":3148,"size_band":"regional_town","source":"ABS SAL 2021 + Census 2021 G01"},"geometry":{"type":"Point","coordinates":[151.16032784096032,-33.824368101345016]}},{"type":"Feature","properties":{"sal_code":"12277","name":"Lane Cove West","population":3146,"size_band":"regional_town","source":"ABS SAL 2021 + Census 2021 G01"},"geometry":{"type":"Point","coordinates":[151.1495525176863,-33.814035996008414]}},{"type":"Feature","properties":{"sal_code":"13306","name":"Queanbeyan West","population":3146,"size_band":"regional_town","source":"ABS SAL 2021 + Census 2021 G01"},"geometry":{"type":"Point","coordinates":[149.20819539540724,-35.356481799596786]}},{"type":"Feature","properties":{"sal_code":"13307","name":"Queens Park (NSW)","population":3143,"size_band":"regional_town","source":"ABS SAL 2021 + Census 2021 G01"},"geometry":{"type":"Point","coordinates":[151.24737298131222,-33.89936554106249]}},{"type":"Feature","properties":{"sal_code":"13819","name":"Terrey Hills","population":3142,"size_band":"regional_town","source":"ABS SAL 2021 + Census 2021 G01"},"geometry":{"type":"Point","coordinates":[151.22354759564885,-33.69099001127617]}},{"type":"Feature","properties":{"sal_code":"14160","name":"Waratah West","population":3142,"size_band":"regional_town","source":"ABS SAL 2021 + Census 2021 G01"},"geometry":{"type":"Point","coordinates":[151.71223756460518,-32.901463631685914]}},{"type":"Feature","properties":{"sal_code":"11832","name":"Gwynneville","population":3139,"size_band":"regional_town","source":"ABS SAL 2021 + Census 2021 G01"},"geometry":{"type":"Point","coordinates":[150.8829723609812,-34.414221921048]}},{"type":"Feature","properties":{"sal_code":"11689","name":"Gloucester","population":3133,"size_band":"regional_town","source":"ABS SAL 2021 + Census 2021 G01"},"geometry":{"type":"Point","coordinates":[151.96212131274106,-32.00995000275123]}},{"type":"Feature","properties":{"sal_code":"10031","name":"Alfords Point","population":3131,"size_band":"regional_town","source":"ABS SAL 2021 + Census 2021 G01"},"geometry":{"type":"Point","coordinates":[151.02589105371533,-33.98845900030038]}},{"type":"Feature","properties":{"sal_code":"11598","name":"Gateshead","population":3121,"size_band":"regional_town","source":"ABS SAL 2021 + Census 2021 G01"},"geometry":{"type":"Point","coordinates":[151.6958013575496,-32.995831395961744]}},{"type":"Feature","properties":{"sal_code":"10521","name":"Bourkelands","population":3113,"size_band":"regional_town","source":"ABS SAL 2021 + Census 2021 G01"},"geometry":{"type":"Point","coordinates":[147.34871996819388,-35.15628474383568]}},{"type":"Feature","properties":{"sal_code":"11962","name":"Hunterview","population":3113,"size_band":"regional_town","source":"ABS SAL 2021 + Census 2021 G01"},"geometry":{"type":"Point","coordinates":[151.17643338804135,-32.540379991872115]}},{"type":"Feature","properties":{"sal_code":"12226","name":"Kurrajong","population":3113,"size_band":"regional_town","source":"ABS SAL 2021 + Census 2021 G01"},"geometry":{"type":"Point","coordinates":[150.70090694857615,-33.489175738181906]}},{"type":"Feature","properties":{"sal_code":"10321","name":"Berry","population":3098,"size_band":"regional_town","source":"ABS SAL 2021 + Census 2021 G01"},"geometry":{"type":"Point","coordinates":[150.73218186705802,-34.799474050309584]}},{"type":"Feature","properties":{"sal_code":"13802","name":"Tenambit","population":3088,"size_band":"regional_town","source":"ABS SAL 2021 + Census 2021 G01"},"geometry":{"type":"Point","coordinates":[151.6129214042346,-32.73968577707228]}},{"type":"Feature","properties":{"sal_code":"11547","name":"Forest Hill (NSW)","population":3081,"size_band":"regional_town","source":"ABS SAL 2021 + Census 2021 G01"},"geometry":{"type":"Point","coordinates":[147.46691063010078,-35.143027218045965]}},{"type":"Feature","properties":{"sal_code":"12799","name":"Mount Riverview","population":3074,"size_band":"regional_town","source":"ABS SAL 2021 + Census 2021 G01"},"geometry":{"type":"Point","coordinates":[150.637888113779,-33.72688616289762]}},{"type":"Feature","properties":{"sal_code":"14537","name":"Yowie Bay","population":3053,"size_band":"regional_town","source":"ABS SAL 2021 + Census 2021 G01"},"geometry":{"type":"Point","coordinates":[151.10248190352283,-34.04982208133152]}},{"type":"Feature","properties":{"sal_code":"10468","name":"Bonny Hills","population":3045,"size_band":"regional_town","source":"ABS SAL 2021 + Census 2021 G01"},"geometry":{"type":"Point","coordinates":[152.81764199668726,-31.577974303382984]}},{"type":"Feature","properties":{"sal_code":"14273","name":"West Wyalong","population":3037,"size_band":"regional_town","source":"ABS SAL 2021 + Census 2021 G01"},"geometry":{"type":"Point","coordinates":[147.09121420082346,-33.87275278501949]}},{"type":"Feature","properties":{"sal_code":"11750","name":"Grays Point","population":3034,"size_band":"regional_town","source":"ABS SAL 2021 + Census 2021 G01"},"geometry":{"type":"Point","coordinates":[151.08080258319177,-34.05841937810205]}},{"type":"Feature","properties":{"sal_code":"14395","name":"Woodberry","population":3024,"size_band":"regional_town","source":"ABS SAL 2021 + Census 2021 G01"},"geometry":{"type":"Point","coordinates":[151.67272526385125,-32.79244633213939]}},{"type":"Feature","properties":{"sal_code":"10749","name":"Calderwood","population":3013,"size_band":"regional_town","source":"ABS SAL 2021 + Census 2021 G01"},"geometry":{"type":"Point","coordinates":[150.72612752297866,-34.55912561055334]}},{"type":"Feature","properties":{"sal_code":"11389","name":"Eglinton (NSW)","population":3012,"size_band":"regional_town","source":"ABS SAL 2021 + Census 2021 G01"},"geometry":{"type":"Point","coordinates":[149.55717139074432,-33.36735549103122]}},{"type":"Feature","properties":{"sal_code":"12984","name":"Noraville","population":3001,"size_band":"regional_town","source":"ABS SAL 2021 + Census 2021 G01"},"geometry":{"type":"Point","coordinates":[151.55657095333598,-33.27193997254647]}},{"type":"Feature","properties":{"sal_code":"11957","name":"Howlong","population":2997,"size_band":"regional_town","source":"ABS SAL 2021 + Census 2021 G01"},"geometry":{"type":"Point","coordinates":[146.61182627226114,-35.96004632868819]}},{"type":"Feature","properties":{"sal_code":"11424","name":"Enfield (NSW)","population":2992,"size_band":"regional_town","source":"ABS SAL 2021 + Census 2021 G01"},"geometry":{"type":"Point","coordinates":[151.09616496481797,-33.89005972627583]}},{"type":"Feature","properties":{"sal_code":"12039","name":"Jindabyne","population":2986,"size_band":"regional_town","source":"ABS SAL 2021 + Census 2021 G01"},"geometry":{"type":"Point","coordinates":[148.61954199039218,-36.41127179060634]}},{"type":"Feature","properties":{"sal_code":"11623","name":"Gilgandra","population":2983,"size_band":"regional_town","source":"ABS SAL 2021 + Census 2021 G01"},"geometry":{"type":"Point","coordinates":[148.61312454368175,-31.71245072190205]}},{"type":"Feature","properties":{"sal_code":"13847","name":"The Oaks","population":2982,"size_band":"regional_town","source":"ABS SAL 2021 + Census 2021 G01"},"geometry":{"type":"Point","coordinates":[150.56498263386564,-34.096381929781224]}},{"type":"Feature","properties":{"sal_code":"14219","name":"Waverton","population":2981,"size_band":"regional_town","source":"ABS SAL 2021 + Census 2021 G01"},"geometry":{"type":"Point","coordinates":[151.19889933342228,-33.83808442856678]}},{"type":"Feature","properties":{"sal_code":"14270","name":"West Wallsend","population":2981,"size_band":"regional_town","source":"ABS SAL 2021 + Census 2021 G01"},"geometry":{"type":"Point","coordinates":[151.56590902785098,-32.903590830649954]}},{"type":"Feature","properties":{"sal_code":"10848","name":"Castlecrag","population":2965,"size_band":"regional_town","source":"ABS SAL 2021 + Census 2021 G01"},"geometry":{"type":"Point","coordinates":[151.22060094724378,-33.80027701114259]}},{"type":"Feature","properties":{"sal_code":"14276","name":"Westdale (Tamworth Regional - NSW)","population":2963,"size_band":"regional_town","source":"ABS SAL 2021 + Census 2021 G01"},"geometry":{"type":"Point","coordinates":[150.85399999255753,-31.089661005731493]}},{"type":"Feature","properties":{"sal_code":"14305","name":"Wilberforce (NSW)","population":2957,"size_band":"regional_town","source":"ABS SAL 2021 + Census 2021 G01"},"geometry":{"type":"Point","coordinates":[150.85600665103587,-33.55261564614732]}},{"type":"Feature","properties":{"sal_code":"11147","name":"Culburra Beach","population":2946,"size_band":"regional_town","source":"ABS SAL 2021 + Census 2021 G01"},"geometry":{"type":"Point","coordinates":[150.74812136594855,-34.92159600066302]}},{"type":"Feature","properties":{"sal_code":"10472","name":"Bonville","population":2939,"size_band":"regional_town","source":"ABS SAL 2021 + Census 2021 G01"},"geometry":{"type":"Point","coordinates":[153.0203450996138,-30.37794258403205]}},{"type":"Feature","properties":{"sal_code":"10810","name":"Cardiff South","population":2931,"size_band":"regional_town","source":"ABS SAL 2021 + Census 2021 G01"},"geometry":{"type":"Point","coordinates":[151.66370220245526,-32.95421973392086]}},{"type":"Feature","properties":{"sal_code":"14153","name":"Wangi Wangi","population":2920,"size_band":"regional_town","source":"ABS SAL 2021 + Census 2021 G01"},"geometry":{"type":"Point","coordinates":[151.58485999218766,-33.07140149720217]}},{"type":"Feature","properties":{"sal_code":"13494","name":"Sandy Beach","population":2913,"size_band":"regional_town","source":"ABS SAL 2021 + Census 2021 G01"},"geometry":{"type":"Point","coordinates":[153.18100522096853,-30.145249349069463]}},{"type":"Feature","properties":{"sal_code":"10909","name":"Chiswick","population":2909,"size_band":"regional_town","source":"ABS SAL 2021 + Census 2021 G01"},"geometry":{"type":"Point","coordinates":[151.1378808859645,-33.84986724126534]}},{"type":"Feature","properties":{"sal_code":"14456","name":"Wyee","population":2909,"size_band":"regional_town","source":"ABS SAL 2021 + Census 2021 G01"},"geometry":{"type":"Point","coordinates":[151.4631041307171,-33.172583656544504]}},{"type":"Feature","properties":{"sal_code":"11472","name":"Evans Head","population":2907,"size_band":"regional_town","source":"ABS SAL 2021 + Census 2021 G01"},"geometry":{"type":"Point","coordinates":[153.4233584711294,-29.109789000235363]}},{"type":"Feature","properties":{"sal_code":"14293","name":"Whitebridge","population":2900,"size_band":"regional_town","source":"ABS SAL 2021 + Census 2021 G01"},"geometry":{"type":"Point","coordinates":[151.71646289295197,-32.97282193421132]}},{"type":"Feature","properties":{"sal_code":"11358","name":"East Killara","population":2895,"size_band":"regional_town","source":"ABS SAL 2021 + Census 2021 G01"},"geometry":{"type":"Point","coordinates":[151.18047347209844,-33.75737899615354]}},{"type":"Feature","properties":{"sal_code":"11013","name":"Connells Point","population":2884,"size_band":"regional_town","source":"ABS SAL 2021 + Census 2021 G01"},"geometry":{"type":"Point","coordinates":[151.09761394018471,-33.985362870853]}},{"type":"Feature","properties":{"sal_code":"10698","name":"Burradoo","population":2879,"size_band":"regional_town","source":"ABS SAL 2021 + Census 2021 G01"},"geometry":{"type":"Point","coordinates":[150.4134388100502,-34.51158950534364]}},{"type":"Feature","properties":{"sal_code":"10667","name":"Bundanoon (NSW)","population":2869,"size_band":"regional_town","source":"ABS SAL 2021 + Census 2021 G01"},"geometry":{"type":"Point","coordinates":[150.29016306559421,-34.67126600025846]}},{"type":"Feature","properties":{"sal_code":"12721","name":"Moore Creek","population":2868,"size_band":"regional_town","source":"ABS SAL 2021 + Census 2021 G01"},"geometry":{"type":"Point","coordinates":[150.95445232503153,-30.992027507899117]}},{"type":"Feature","properties":{"sal_code":"11688","name":"Glossodia","population":2865,"size_band":"regional_town","source":"ABS SAL 2021 + Census 2021 G01"},"geometry":{"type":"Point","coordinates":[150.79170377335475,-33.53143887626614]}},{"type":"Feature","properties":{"sal_code":"12478","name":"Mangerton","population":2862,"size_band":"regional_town","source":"ABS SAL 2021 + Census 2021 G01"},"geometry":{"type":"Point","coordinates":[150.87277026885965,-34.43297158096555]}},{"type":"Feature","properties":{"sal_code":"13903","name":"Tocumwal","population":2862,"size_band":"regional_town","source":"ABS SAL 2021 + Census 2021 G01"},"geometry":{"type":"Point","coordinates":[145.49773577727038,-35.79101486819705]}},{"type":"Feature","properties":{"sal_code":"13088","name":"Old Guildford","population":2857,"size_band":"regional_town","source":"ABS SAL 2021 + Census 2021 G01"},"geometry":{"type":"Point","coordinates":[150.98471939844327,-33.864717331163455]}},{"type":"Feature","properties":{"sal_code":"11895","name":"Heddon Greta","population":2838,"size_band":"regional_town","source":"ABS SAL 2021 + Census 2021 G01"},"geometry":{"type":"Point","coordinates":[151.50619184308283,-32.80704850181845]}},{"type":"Feature","properties":{"sal_code":"10389","name":"Blackalls Park","population":2812,"size_band":"regional_town","source":"ABS SAL 2021 + Census 2021 G01"},"geometry":{"type":"Point","coordinates":[151.5758708727364,-33.00003250206344]}},{"type":"Feature","properties":{"sal_code":"11056","name":"Copacabana","population":2809,"size_band":"regional_town","source":"ABS SAL 2021 + Census 2021 G01"},"geometry":{"type":"Point","coordinates":[151.43625495112872,-33.48638407618625]}},{"type":"Feature","properties":{"sal_code":"11250","name":"Dharruk","population":2806,"size_band":"regional_town","source":"ABS SAL 2021 + Census 2021 G01"},"geometry":{"type":"Point","coordinates":[150.81482649859956,-33.74804384816018]}},{"type":"Feature","properties":{"sal_code":"11912","name":"Hill Top (Wingecarribee - NSW)","population":2792,"size_band":"regional_town","source":"ABS SAL 2021 + Census 2021 G01"},"geometry":{"type":"Point","coordinates":[150.4796996009273,-34.34395801575662]}},{"type":"Feature","properties":{"sal_code":"12439","name":"Macksville","population":2782,"size_band":"regional_town","source":"ABS SAL 2021 + Census 2021 G01"},"geometry":{"type":"Point","coordinates":[152.9167344756538,-30.720568009084456]}},{"type":"Feature","properties":{"sal_code":"14440","name":"Woronora Heights","population":2781,"size_band":"regional_town","source":"ABS SAL 2021 + Census 2021 G01"},"geometry":{"type":"Point","coordinates":[151.03010458538586,-34.03389000593505]}},{"type":"Feature","properties":{"sal_code":"14396","name":"Woodbine (NSW)","population":2780,"size_band":"regional_town","source":"ABS SAL 2021 + Census 2021 G01"},"geometry":{"type":"Point","coordinates":[150.824937036224,-34.04499723568094]}},{"type":"Feature","properties":{"sal_code":"12970","name":"Niagara Park","population":2779,"size_band":"regional_town","source":"ABS SAL 2021 + Census 2021 G01"},"geometry":{"type":"Point","coordinates":[151.34724314349833,-33.37583782146696]}},{"type":"Feature","properties":{"sal_code":"12440","name":"Maclean","population":2778,"size_band":"regional_town","source":"ABS SAL 2021 + Census 2021 G01"},"geometry":{"type":"Point","coordinates":[153.2084499467594,-29.451040004647645]}},{"type":"Feature","properties":{"sal_code":"14503","name":"Yarrawarrah","population":2775,"size_band":"regional_town","source":"ABS SAL 2021 + Census 2021 G01"},"geometry":{"type":"Point","coordinates":[151.03451426240193,-34.05428714618532]}},{"type":"Feature","properties":{"sal_code":"10879","name":"Chain Valley Bay","population":2773,"size_band":"regional_town","source":"ABS SAL 2021 + Census 2021 G01"},"geometry":{"type":"Point","coordinates":[151.57298973307505,-33.163733932112976]}},{"type":"Feature","properties":{"sal_code":"10175","name":"Bangalow","population":2752,"size_band":"regional_town","source":"ABS SAL 2021 + Census 2021 G01"},"geometry":{"type":"Point","coordinates":[153.524031056138,-28.681383078357335]}},{"type":"Feature","properties":{"sal_code":"12206","name":"Korora","population":2740,"size_band":"regional_town","source":"ABS SAL 2021 + Census 2021 G01"},"geometry":{"type":"Point","coordinates":[153.1156238915344,-30.25024977903862]}},{"type":"Feature","properties":{"sal_code":"12909","name":"Narooma","population":2731,"size_band":"regional_town","source":"ABS SAL 2021 + Census 2021 G01"},"geometry":{"type":"Point","coordinates":[150.05942684845056,-36.242364494493906]}},{"type":"Feature","properties":{"sal_code":"14069","name":"Uralla (NSW)","population":2728,"size_band":"regional_town","source":"ABS SAL 2021 + Census 2021 G01"},"geometry":{"type":"Point","coordinates":[151.48865208983668,-30.666573413419247]}},{"type":"Feature","properties":{"sal_code":"10109","name":"Austinmer","population":2725,"size_band":"regional_town","source":"ABS SAL 2021 + Census 2021 G01"},"geometry":{"type":"Point","coordinates":[150.92801585124755,-34.30196595070915]}},{"type":"Feature","properties":{"sal_code":"10399","name":"Blair Athol (NSW)","population":2725,"size_band":"regional_town","source":"ABS SAL 2021 + Census 2021 G01"},"geometry":{"type":"Point","coordinates":[150.80323974240065,-34.06195875579577]}},{"type":"Feature","properties":{"sal_code":"11221","name":"Davidson","population":2725,"size_band":"regional_town","source":"ABS SAL 2021 + Census 2021 G01"},"geometry":{"type":"Point","coordinates":[151.1890364191009,-33.7395037512096]}},{"type":"Feature","properties":{"sal_code":"12041","name":"Jindera","population":2721,"size_band":"regional_town","source":"ABS SAL 2021 + Census 2021 G01"},"geometry":{"type":"Point","coordinates":[146.87481756418478,-35.95936726879877]}},{"type":"Feature","properties":{"sal_code":"11924","name":"Hobartville","population":2712,"size_band":"regional_town","source":"ABS SAL 2021 + Census 2021 G01"},"geometry":{"type":"Point","coordinates":[150.74382998537723,-33.60489901149941]}},{"type":"Feature","properties":{"sal_code":"13705","name":"Summerland Point","population":2708,"size_band":"regional_town","source":"ABS SAL 2021 + Census 2021 G01"},"geometry":{"type":"Point","coordinates":[151.56415254928103,-33.140938706983206]}},{"type":"Feature","properties":{"sal_code":"12087","name":"Kearns","population":2693,"size_band":"regional_town","source":"ABS SAL 2021 + Census 2021 G01"},"geometry":{"type":"Point","coordinates":[150.80203045461974,-34.01979250570147]}},{"type":"Feature","properties":{"sal_code":"11124","name":"Crookwell","population":2686,"size_band":"regional_town","source":"ABS SAL 2021 + Census 2021 G01"},"geometry":{"type":"Point","coordinates":[149.45075950441978,-34.45013951153938]}},{"type":"Feature","properties":{"sal_code":"12309","name":"Lemon Tree Passage","population":2686,"size_band":"regional_town","source":"ABS SAL 2021 + Census 2021 G01"},"geometry":{"type":"Point","coordinates":[152.0308487615057,-32.73221049696372]}},{"type":"Feature","properties":{"sal_code":"11800","name":"Gulgong","population":2680,"size_band":"regional_town","source":"ABS SAL 2021 + Census 2021 G01"},"geometry":{"type":"Point","coordinates":[149.53246976769157,-32.37507650685662]}},{"type":"Feature","properties":{"sal_code":"11414","name":"Emerald Beach","population":2677,"size_band":"regional_town","source":"ABS SAL 2021 + Census 2021 G01"},"geometry":{"type":"Point","coordinates":[153.16346098423082,-30.162816774385853]}},{"type":"Feature","properties":{"sal_code":"11837","name":"Halekulani","population":2677,"size_band":"regional_town","source":"ABS SAL 2021 + Census 2021 G01"},"geometry":{"type":"Point","coordinates":[151.5523734233557,-33.219331288682454]}},{"type":"Feature","properties":{"sal_code":"14000","name":"Turrella","population":2673,"size_band":"regional_town","source":"ABS SAL 2021 + Census 2021 G01"},"geometry":{"type":"Point","coordinates":[151.14305311767248,-33.93040818078292]}},{"type":"Feature","properties":{"sal_code":"11044","name":"Coonamble","population":2666,"size_band":"regional_town","source":"ABS SAL 2021 + Census 2021 G01"},"geometry":{"type":"Point","coordinates":[148.30584600731544,-30.888204521169744]}},{"type":"Feature","properties":{"sal_code":"13506","name":"Sapphire Beach","population":2660,"size_band":"regional_town","source":"ABS SAL 2021 + Census 2021 G01"},"geometry":{"type":"Point","coordinates":[153.13302136601257,-30.230142553972353]}},{"type":"Feature","properties":{"sal_code":"13808","name":"Teralba","population":2654,"size_band":"regional_town","source":"ABS SAL 2021 + Census 2021 G01"},"geometry":{"type":"Point","coordinates":[151.59940792254977,-32.95685649761472]}},{"type":"Feature","properties":{"sal_code":"12298","name":"Lawson (NSW)","population":2651,"size_band":"regional_town","source":"ABS SAL 2021 + Census 2021 G01"},"geometry":{"type":"Point","coordinates":[150.43176267216515,-33.7181670060106]}},{"type":"Feature","properties":{"sal_code":"10329","name":"Beverley Park","population":2646,"size_band":"regional_town","source":"ABS SAL 2021 + Census 2021 G01"},"geometry":{"type":"Point","coordinates":[151.13049456669424,-33.97728734082476]}},{"type":"Feature","properties":{"sal_code":"13638","name":"Springdale Heights","population":2644,"size_band":"regional_town","source":"ABS SAL 2021 + Census 2021 G01"},"geometry":{"type":"Point","coordinates":[146.95762775343653,-36.02548125335483]}},{"type":"Feature","properties":{"sal_code":"10844","name":"Castle Cove","population":2643,"size_band":"regional_town","source":"ABS SAL 2021 + Census 2021 G01"},"geometry":{"type":"Point","coordinates":[151.2115006478013,-33.78592500659683]}},{"type":"Feature","properties":{"sal_code":"10837","name":"Cartwright","population":2616,"size_band":"regional_town","source":"ABS SAL 2021 + Census 2021 G01"},"geometry":{"type":"Point","coordinates":[150.89191625834283,-33.924490476142594]}},{"type":"Feature","properties":{"sal_code":"12952","name":"New Lambton Heights","population":2610,"size_band":"regional_town","source":"ABS SAL 2021 + Census 2021 G01"},"geometry":{"type":"Point","coordinates":[151.69437340545545,-32.92730244179582]}},{"type":"Feature","properties":{"sal_code":"14334","name":"Windang","population":2610,"size_band":"regional_town","source":"ABS SAL 2021 + Census 2021 G01"},"geometry":{"type":"Point","coordinates":[150.87268231840343,-34.52881397252553]}},{"type":"Feature","properties":{"sal_code":"10855","name":"Catherine Field","population":2609,"size_band":"regional_town","source":"ABS SAL 2021 + Census 2021 G01"},"geometry":{"type":"Point","coordinates":[150.77034836844715,-33.9967033889289]}},{"type":"Feature","properties":{"sal_code":"11444","name":"Eschol Park","population":2607,"size_band":"regional_town","source":"ABS SAL 2021 + Census 2021 G01"},"geometry":{"type":"Point","coordinates":[150.80098061869998,-34.03422089615519]}},{"type":"Feature","properties":{"sal_code":"11972","name":"Hurstville Grove","population":2606,"size_band":"regional_town","source":"ABS SAL 2021 + Census 2021 G01"},"geometry":{"type":"Point","coordinates":[151.09317785359755,-33.9788067989282]}},{"type":"Feature","properties":{"sal_code":"13604","name":"South Kempsey","population":2604,"size_band":"regional_town","source":"ABS SAL 2021 + Census 2021 G01"},"geometry":{"type":"Point","coordinates":[152.84914411796908,-31.120071998206832]}},{"type":"Feature","properties":{"sal_code":"12056","name":"Kahibah","population":2603,"size_band":"regional_town","source":"ABS SAL 2021 + Census 2021 G01"},"geometry":{"type":"Point","coordinates":[151.71251767548043,-32.96173750194136]}},{"type":"Feature","properties":{"sal_code":"11223","name":"Davistown","population":2602,"size_band":"regional_town","source":"ABS SAL 2021 + Census 2021 G01"},"geometry":{"type":"Point","coordinates":[151.36017829698977,-33.484702501806645]}},{"type":"Feature","properties":{"sal_code":"11782","name":"Grenfell","population":2600,"size_band":"regional_town","source":"ABS SAL 2021 + Census 2021 G01"},"geometry":{"type":"Point","coordinates":[148.17828405209264,-33.93344046031599]}},{"type":"Feature","properties":{"sal_code":"10376","name":"Birmingham Gardens","population":2598,"size_band":"regional_town","source":"ABS SAL 2021 + Census 2021 G01"},"geometry":{"type":"Point","coordinates":[151.6902566016798,-32.892835816964094]}},{"type":"Feature","properties":{"sal_code":"11215","name":"Darlington (Sydney - NSW)","population":2597,"size_band":"regional_town","source":"ABS SAL 2021 + Census 2021 G01"},"geometry":{"type":"Point","coordinates":[151.19277057559978,-33.8908928364815]}},{"type":"Feature","properties":{"sal_code":"12284","name":"Lansvale","population":2595,"size_band":"regional_town","source":"ABS SAL 2021 + Census 2021 G01"},"geometry":{"type":"Point","coordinates":[150.95084689262123,-33.9006620912878]}},{"type":"Feature","properties":{"sal_code":"12682","name":"Molong","population":2595,"size_band":"regional_town","source":"ABS SAL 2021 + Census 2021 G01"},"geometry":{"type":"Point","coordinates":[148.86710256404933,-33.11985282914175]}},{"type":"Feature","properties":{"sal_code":"12313","name":"Leonay","population":2582,"size_band":"regional_town","source":"ABS SAL 2021 + Census 2021 G01"},"geometry":{"type":"Point","coordinates":[150.64974497362084,-33.76516310340313]}},{"type":"Feature","properties":{"sal_code":"10923","name":"Claymore","population":2579,"size_band":"regional_town","source":"ABS SAL 2021 + Census 2021 G01"},"geometry":{"type":"Point","coordinates":[150.8105535442713,-34.04717392614738]}},{"type":"Feature","properties":{"sal_code":"13790","name":"Tatton","population":2560,"size_band":"regional_town","source":"ABS SAL 2021 + Census 2021 G01"},"geometry":{"type":"Point","coordinates":[147.3591814946678,-35.159588673914726]}},{"type":"Feature","properties":{"sal_code":"12841","name":"Mulwala","population":2557,"size_band":"regional_town","source":"ABS SAL 2021 + Census 2021 G01"},"geometry":{"type":"Point","coordinates":[146.0488533170903,-35.91976745338155]}},{"type":"Feature","properties":{"sal_code":"12487","name":"Mannering Park","population":2554,"size_band":"regional_town","source":"ABS SAL 2021 + Census 2021 G01"},"geometry":{"type":"Point","coordinates":[151.54040452293668,-33.160546213806626]}},{"type":"Feature","properties":{"sal_code":"13328","name":"Rankin Park","population":2547,"size_band":"regional_town","source":"ABS SAL 2021 + Census 2021 G01"},"geometry":{"type":"Point","coordinates":[151.6805084264747,-32.92589250207374]}},{"type":"Feature","properties":{"sal_code":"10010","name":"Abermain","population":2544,"size_band":"regional_town","source":"ABS SAL 2021 + Census 2021 G01"},"geometry":{"type":"Point","coordinates":[151.43613550304366,-32.8177535816669]}},{"type":"Feature","properties":{"sal_code":"10006","name":"Aberdare","population":2542,"size_band":"regional_town","source":"ABS SAL 2021 + Census 2021 G01"},"geometry":{"type":"Point","coordinates":[151.3698456615486,-32.83888250216269]}},{"type":"Feature","properties":{"sal_code":"11447","name":"Estella","population":2541,"size_band":"regional_town","source":"ABS SAL 2021 + Census 2021 G01"},"geometry":{"type":"Point","coordinates":[147.35095150014055,-35.07583618488931]}},{"type":"Feature","properties":{"sal_code":"12552","name":"McGraths Hill","population":2537,"size_band":"regional_town","source":"ABS SAL 2021 + Census 2021 G01"},"geometry":{"type":"Point","coordinates":[150.8426136567868,-33.613052261011]}},{"type":"Feature","properties":{"sal_code":"12681","name":"Mollymook Beach","population":2531,"size_band":"regional_town","source":"ABS SAL 2021 + Census 2021 G01"},"geometry":{"type":"Point","coordinates":[150.4671525133504,-35.32840023477707]}},{"type":"Feature","properties":{"sal_code":"12640","name":"Milsons Point","population":2529,"size_band":"regional_town","source":"ABS SAL 2021 + Census 2021 G01"},"geometry":{"type":"Point","coordinates":[151.2116274530885,-33.846992556099906]}},{"type":"Feature","properties":{"sal_code":"12224","name":"Kurnell","population":2528,"size_band":"regional_town","source":"ABS SAL 2021 + Census 2021 G01"},"geometry":{"type":"Point","coordinates":[151.21316309611728,-34.020974996170516]}},{"type":"Feature","properties":{"sal_code":"13180","name":"Peakhurst Heights","population":2524,"size_band":"regional_town","source":"ABS SAL 2021 + Census 2021 G01"},"geometry":{"type":"Point","coordinates":[151.05493433874082,-33.97436413934514]}},{"type":"Feature","properties":{"sal_code":"10852","name":"Catalina","population":2522,"size_band":"regional_town","source":"ABS SAL 2021 + Census 2021 G01"},"geometry":{"type":"Point","coordinates":[150.18540565952907,-35.729823663343154]}},{"type":"Feature","properties":{"sal_code":"11364","name":"East Ryde","population":2522,"size_band":"regional_town","source":"ABS SAL 2021 + Census 2021 G01"},"geometry":{"type":"Point","coordinates":[151.1340639488138,-33.81029951594286]}},{"type":"Feature","properties":{"sal_code":"11418","name":"Empire Bay","population":2522,"size_band":"regional_town","source":"ABS SAL 2021 + Census 2021 G01"},"geometry":{"type":"Point","coordinates":[151.36570907597206,-33.50349929674537]}},{"type":"Feature","properties":{"sal_code":"11303","name":"Dudley","population":2505,"size_band":"regional_town","source":"ABS SAL 2021 + Census 2021 G01"},"geometry":{"type":"Point","coordinates":[151.72001494297646,-32.993969184800434]}},{"type":"Feature","properties":{"sal_code":"13014","name":"North Rothbury","population":2502,"size_band":"regional_town","source":"ABS SAL 2021 + Census 2021 G01"},"geometry":{"type":"Point","coordinates":[151.34461352762503,-32.688870212343765]}},{"type":"Feature","properties":{"sal_code":"10888","name":"Charmhaven","population":2501,"size_band":"regional_town","source":"ABS SAL 2021 + Census 2021 G01"},"geometry":{"type":"Point","coordinates":[151.49068275848592,-33.22610267658067]}},{"type":"Feature","properties":{"sal_code":"10297","name":"Bensville","population":2500,"size_band":"regional_town","source":"ABS SAL 2021 + Census 2021 G01"},"geometry":{"type":"Point","coordinates":[151.3921550674065,-33.49914150182465]}},{"type":"Feature","properties":{"sal_code":"11382","name":"Edgecliff","population":2499,"size_band":"regional_town","source":"ABS SAL 2021 + Census 2021 G01"},"geometry":{"type":"Point","coordinates":[151.2374234442446,-33.87977060592326]}},{"type":"Feature","properties":{"sal_code":"14111","name":"Walcha","population":2475,"size_band":"regional_town","source":"ABS SAL 2021 + Census 2021 G01"},"geometry":{"type":"Point","coordinates":[151.64635431048916,-31.104475378139057]}},{"type":"Feature","properties":{"sal_code":"11523","name":"Finley","population":2455,"size_band":"regional_town","source":"ABS SAL 2021 + Census 2021 G01"},"geometry":{"type":"Point","coordinates":[145.58576614940173,-35.593232628190194]}},{"type":"Feature","properties":{"sal_code":"12033","name":"Jewells","population":2452,"size_band":"regional_town","source":"ABS SAL 2021 + Census 2021 G01"},"geometry":{"type":"Point","coordinates":[151.6873524058584,-33.006785306642]}},{"type":"Feature","properties":{"sal_code":"14192","name":"Warrimoo","population":2452,"size_band":"regional_town","source":"ABS SAL 2021 + Census 2021 G01"},"geometry":{"type":"Point","coordinates":[150.61241375722395,-33.72390395639603]}},{"type":"Feature","properties":{"sal_code":"13262","name":"Portland (NSW)","population":2447,"size_band":"regional_town","source":"ABS SAL 2021 + Census 2021 G01"},"geometry":{"type":"Point","coordinates":[149.97208672471555,-33.35632050591433]}},{"type":"Feature","properties":{"sal_code":"10795","name":"Canowindra","population":2437,"size_band":"regional_town","source":"ABS SAL 2021 + Census 2021 G01"},"geometry":{"type":"Point","coordinates":[148.67571008957628,-33.53379200051403]}},{"type":"Feature","properties":{"sal_code":"10572","name":"Bringelly","population":2433,"size_band":"regional_town","source":"ABS SAL 2021 + Census 2021 G01"},"geometry":{"type":"Point","coordinates":[150.7252266088684,-33.94657163580711]}},{"type":"Feature","properties":{"sal_code":"12484","name":"Manilla","population":2386,"size_band":"regional_town","source":"ABS SAL 2021 + Census 2021 G01"},"geometry":{"type":"Point","coordinates":[150.71123239735252,-30.734722008182615]}},{"type":"Feature","properties":{"sal_code":"13869","name":"Thrumster","population":2382,"size_band":"regional_town","source":"ABS SAL 2021 + Census 2021 G01"},"geometry":{"type":"Point","coordinates":[152.8404956845892,-31.45852100823805]}},{"type":"Feature","properties":{"sal_code":"14319","name":"Willmot","population":2382,"size_band":"regional_town","source":"ABS SAL 2021 + Census 2021 G01"},"geometry":{"type":"Point","coordinates":[150.79406699922043,-33.72490953099997]}},{"type":"Feature","properties":{"sal_code":"11168","name":"Curl Curl","population":2364,"size_band":"regional_town","source":"ABS SAL 2021 + Census 2021 G01"},"geometry":{"type":"Point","coordinates":[151.28905803724388,-33.769713966384614]}},{"type":"Feature","properties":{"sal_code":"13997","name":"Tuross Head","population":2353,"size_band":"regional_town","source":"ABS SAL 2021 + Census 2021 G01"},"geometry":{"type":"Point","coordinates":[150.1207428745243,-36.03508749919972]}},{"type":"Feature","properties":{"sal_code":"10197","name":"Bardwell Valley","population":2344,"size_band":"regional_town","source":"ABS SAL 2021 + Census 2021 G01"},"geometry":{"type":"Point","coordinates":[151.13241669370433,-33.937739596286086]}},{"type":"Feature","properties":{"sal_code":"10268","name":"Bellbird","population":2338,"size_band":"regional_town","source":"ABS SAL 2021 + Census 2021 G01"},"geometry":{"type":"Point","coordinates":[151.31702987288386,-32.85472467504158]}},{"type":"Feature","properties":{"sal_code":"13459","name":"Rushcutters Bay","population":2335,"size_band":"regional_town","source":"ABS SAL 2021 + Census 2021 G01"},"geometry":{"type":"Point","coordinates":[151.22864653740606,-33.87457157155144]}},{"type":"Feature","properties":{"sal_code":"10196","name":"Bardwell Park","population":2320,"size_band":"regional_town","source":"ABS SAL 2021 + Census 2021 G01"},"geometry":{"type":"Point","coordinates":[151.1240774613436,-33.93590566127828]}},{"type":"Feature","properties":{"sal_code":"12990","name":"North Avoca","population":2318,"size_band":"regional_town","source":"ABS SAL 2021 + Census 2021 G01"},"geometry":{"type":"Point","coordinates":[151.435980503233,-33.457965847586756]}},{"type":"Feature","properties":{"sal_code":"12993","name":"North Boambee Valley","population":2318,"size_band":"regional_town","source":"ABS SAL 2021 + Census 2021 G01"},"geometry":{"type":"Point","coordinates":[153.0701588614311,-30.311181389150697]}},{"type":"Feature","properties":{"sal_code":"13795","name":"Telarah","population":2318,"size_band":"regional_town","source":"ABS SAL 2021 + Census 2021 G01"},"geometry":{"type":"Point","coordinates":[151.53453395170655,-32.72875647690109]}},{"type":"Feature","properties":{"sal_code":"12557","name":"McMahons Point","population":2315,"size_band":"regional_town","source":"ABS SAL 2021 + Census 2021 G01"},"geometry":{"type":"Point","coordinates":[151.20300501874965,-33.84483734832081]}},{"type":"Feature","properties":{"sal_code":"12203","name":"Kootingal","population":2313,"size_band":"regional_town","source":"ABS SAL 2021 + Census 2021 G01"},"geometry":{"type":"Point","coordinates":[151.05583352449244,-31.062934497766832]}},{"type":"Feature","properties":{"sal_code":"10931","name":"Cliftleigh","population":2309,"size_band":"regional_town","source":"ABS SAL 2021 + Census 2021 G01"},"geometry":{"type":"Point","coordinates":[151.51863999290927,-32.78905959331364]}},{"type":"Feature","properties":{"sal_code":"12371","name":"Llanarth (NSW)","population":2302,"size_band":"regional_town","source":"ABS SAL 2021 + Census 2021 G01"},"geometry":{"type":"Point","coordinates":[149.5506599946282,-33.397850420824895]}},{"type":"Feature","properties":{"sal_code":"11881","name":"Hay (NSW)","population":2300,"size_band":"regional_town","source":"ABS SAL 2021 + Census 2021 G01"},"geometry":{"type":"Point","coordinates":[144.8609951715158,-34.3783189937529]}},{"type":"Feature","properties":{"sal_code":"13027","name":"North Wollongong","population":2299,"size_band":"regional_town","source":"ABS SAL 2021 + Census 2021 G01"},"geometry":{"type":"Point","coordinates":[150.89445944370942,-34.40711592590737]}},{"type":"Feature","properties":{"sal_code":"11416","name":"Emerton","population":2295,"size_band":"regional_town","source":"ABS SAL 2021 + Census 2021 G01"},"geometry":{"type":"Point","coordinates":[150.8058633934605,-33.74412648543678]}},{"type":"Feature","properties":{"sal_code":"11241","name":"Denistone East","population":2292,"size_band":"regional_town","source":"ABS SAL 2021 + Census 2021 G01"},"geometry":{"type":"Point","coordinates":[151.09811452817345,-33.79683283655937]}},{"type":"Feature","properties":{"sal_code":"11025","name":"Coolamon","population":2275,"size_band":"regional_town","source":"ABS SAL 2021 + Census 2021 G01"},"geometry":{"type":"Point","coordinates":[147.20512138823193,-34.79407129922836]}},{"type":"Feature","properties":{"sal_code":"11114","name":"Cremorne Point","population":2270,"size_band":"regional_town","source":"ABS SAL 2021 + Census 2021 G01"},"geometry":{"type":"Point","coordinates":[151.2279525538148,-33.840870185368104]}},{"type":"Feature","properties":{"sal_code":"11010","name":"Coniston","population":2267,"size_band":"regional_town","source":"ABS SAL 2021 + Census 2021 G01"},"geometry":{"type":"Point","coordinates":[150.88196563700862,-34.43746950601015]}},{"type":"Feature","properties":{"sal_code":"10919","name":"Clarence Town","population":2265,"size_band":"regional_town","source":"ABS SAL 2021 + Census 2021 G01"},"geometry":{"type":"Point","coordinates":[151.76233554798853,-32.59227038200979]}},{"type":"Feature","properties":{"sal_code":"10546","name":"Branxton","population":2255,"size_band":"regional_town","source":"ABS SAL 2021 + Census 2021 G01"},"geometry":{"type":"Point","coordinates":[151.356494452435,-32.63332751388342]}},{"type":"Feature","properties":{"sal_code":"12237","name":"Kyogle","population":2248,"size_band":"regional_town","source":"ABS SAL 2021 + Census 2021 G01"},"geometry":{"type":"Point","coordinates":[153.01255697020517,-28.63660188538711]}},{"type":"Feature","properties":{"sal_code":"13434","name":"Rossmore (NSW)","population":2241,"size_band":"regional_town","source":"ABS SAL 2021 + Census 2021 G01"},"geometry":{"type":"Point","coordinates":[150.77345648363462,-33.93630417075825]}},{"type":"Feature","properties":{"sal_code":"10467","name":"Bonnet Bay","population":2238,"size_band":"regional_town","source":"ABS SAL 2021 + Census 2021 G01"},"geometry":{"type":"Point","coordinates":[151.05361041694638,-34.01048710609695]}},{"type":"Feature","properties":{"sal_code":"10756","name":"Callala Bay","population":2234,"size_band":"regional_town","source":"ABS SAL 2021 + Census 2021 G01"},"geometry":{"type":"Point","coordinates":[150.71759545376753,-34.993965330341204]}},{"type":"Feature","properties":{"sal_code":"10771","name":"Camden Park (NSW)","population":2233,"size_band":"regional_town","source":"ABS SAL 2021 + Census 2021 G01"},"geometry":{"type":"Point","coordinates":[150.71720601792217,-34.094600001082725]}},{"type":"Feature","properties":{"sal_code":"10872","name":"Centennial Park (NSW)","population":2225,"size_band":"regional_town","source":"ABS SAL 2021 + Census 2021 G01"},"geometry":{"type":"Point","coordinates":[151.23419314829695,-33.897870436568944]}},{"type":"Feature","properties":{"sal_code":"11155","name":"Cumbalum","population":2211,"size_band":"regional_town","source":"ABS SAL 2021 + Census 2021 G01"},"geometry":{"type":"Point","coordinates":[153.53264549816578,-28.818310205019824]}},{"type":"Feature","properties":{"sal_code":"11359","name":"East Kurrajong","population":2203,"size_band":"regional_town","source":"ABS SAL 2021 + Census 2021 G01"},"geometry":{"type":"Point","coordinates":[150.80334967822517,-33.504855006125204]}},{"type":"Feature","properties":{"sal_code":"11192","name":"Dalmeny","population":2194,"size_band":"regional_town","source":"ABS SAL 2021 + Census 2021 G01"},"geometry":{"type":"Point","coordinates":[150.11038341463293,-36.1641973042387]}},{"type":"Feature","properties":{"sal_code":"11693","name":"Gobbagombalin","population":2184,"size_band":"regional_town","source":"ABS SAL 2021 + Census 2021 G01"},"geometry":{"type":"Point","coordinates":[147.30926206132867,-35.06755490912248]}},{"type":"Feature","properties":{"sal_code":"13784","name":"Tarrawanna","population":2184,"size_band":"regional_town","source":"ABS SAL 2021 + Census 2021 G01"},"geometry":{"type":"Point","coordinates":[150.8765028003062,-34.376478165845]}},{"type":"Feature","properties":{"sal_code":"12714","name":"Moonee Beach","population":2176,"size_band":"regional_town","source":"ABS SAL 2021 + Census 2021 G01"},"geometry":{"type":"Point","coordinates":[153.14923999122487,-30.19336210363994]}},{"type":"Feature","properties":{"sal_code":"10895","name":"Cheltenham (NSW)","population":2166,"size_band":"regional_town","source":"ABS SAL 2021 + Census 2021 G01"},"geometry":{"type":"Point","coordinates":[151.0772125488038,-33.75720711119037]}},{"type":"Feature","properties":{"sal_code":"11117","name":"Cringila","population":2156,"size_band":"regional_town","source":"ABS SAL 2021 + Census 2021 G01"},"geometry":{"type":"Point","coordinates":[150.86675336566302,-34.4720553359495]}},{"type":"Feature","properties":{"sal_code":"10305","name":"Berkshire Park","population":2149,"size_band":"regional_town","source":"ABS SAL 2021 + Census 2021 G01"},"geometry":{"type":"Point","coordinates":[150.77921087305407,-33.66843172584367]}},{"type":"Feature","properties":{"sal_code":"13040","name":"Nowra Hill","population":2141,"size_band":"regional_town","source":"ABS SAL 2021 + Census 2021 G01"},"geometry":{"type":"Point","coordinates":[150.5671981802919,-34.930285250092304]}},{"type":"Feature","properties":{"sal_code":"10448","name":"Bolton Point","population":2124,"size_band":"regional_town","source":"ABS SAL 2021 + Census 2021 G01"},"geometry":{"type":"Point","coordinates":[151.61100700273596,-32.998471843996235]}},{"type":"Feature","properties":{"sal_code":"12102","name":"Kemps Creek","population":2121,"size_band":"regional_town","source":"ABS SAL 2021 + Census 2021 G01"},"geometry":{"type":"Point","coordinates":[150.78937719875267,-33.870504164839666]}},{"type":"Feature","properties":{"sal_code":"12354","name":"Lismore Heights","population":2117,"size_band":"regional_town","source":"ABS SAL 2021 + Census 2021 G01"},"geometry":{"type":"Point","coordinates":[153.29979966393415,-28.804450705297036]}},{"type":"Feature","properties":{"sal_code":"12394","name":"Longueville","population":2116,"size_band":"regional_town","source":"ABS SAL 2021 + Census 2021 G01"},"geometry":{"type":"Point","coordinates":[151.16811100358373,-33.829938370568684]}},{"type":"Feature","properties":{"sal_code":"11746","name":"Grasmere","population":2105,"size_band":"regional_town","source":"ABS SAL 2021 + Census 2021 G01"},"geometry":{"type":"Point","coordinates":[150.6707322758745,-34.056343350939436]}},{"type":"Feature","properties":{"sal_code":"10669","name":"Bundeena","population":2103,"size_band":"regional_town","source":"ABS SAL 2021 + Census 2021 G01"},"geometry":{"type":"Point","coordinates":[151.15323625354495,-34.086500501067405]}},{"type":"Feature","properties":{"sal_code":"12191","name":"Kogarah Bay","population":2102,"size_band":"regional_town","source":"ABS SAL 2021 + Census 2021 G01"},"geometry":{"type":"Point","coordinates":[151.1242351884395,-33.98254660644989]}},{"type":"Feature","properties":{"sal_code":"13025","name":"North Wahroonga","population":2100,"size_band":"regional_town","source":"ABS SAL 2021 + Census 2021 G01"},"geometry":{"type":"Point","coordinates":[151.13034758794072,-33.69654086110765]}},{"type":"Feature","properties":{"sal_code":"13338","name":"Raworth","population":2094,"size_band":"regional_town","source":"ABS SAL 2021 + Census 2021 G01"},"geometry":{"type":"Point","coordinates":[151.6091351930599,-32.726443926138344]}},{"type":"Feature","properties":{"sal_code":"13332","name":"Rathmines","population":2076,"size_band":"regional_town","source":"ABS SAL 2021 + Census 2021 G01"},"geometry":{"type":"Point","coordinates":[151.57851814858986,-33.039174832143125]}},{"type":"Feature","properties":{"sal_code":"13842","name":"The Hill","population":2076,"size_band":"regional_town","source":"ABS SAL 2021 + Census 2021 G01"},"geometry":{"type":"Point","coordinates":[151.77618125810645,-32.933180595812814]}},{"type":"Feature","properties":{"sal_code":"11607","name":"Georgetown (NSW)","population":2072,"size_band":"regional_town","source":"ABS SAL 2021 + Census 2021 G01"},"geometry":{"type":"Point","coordinates":[151.73206533855807,-32.90937858195436]}},{"type":"Feature","properties":{"sal_code":"10724","name":"Buxton (NSW)","population":2071,"size_band":"regional_town","source":"ABS SAL 2021 + Census 2021 G01"},"geometry":{"type":"Point","coordinates":[150.53093879686102,-34.255861310649614]}},{"type":"Feature","properties":{"sal_code":"12471","name":"Malua Bay","population":2071,"size_band":"regional_town","source":"ABS SAL 2021 + Census 2021 G01"},"geometry":{"type":"Point","coordinates":[150.21148525241352,-35.78925215995244]}},{"type":"Feature","properties":{"sal_code":"10829","name":"Carrington (Newcastle - NSW)","population":2061,"size_band":"regional_town","source":"ABS SAL 2021 + Census 2021 G01"},"geometry":{"type":"Point","coordinates":[151.76515516742586,-32.911858171130746]}},{"type":"Feature","properties":{"sal_code":"12574","name":"Melrose Park (NSW)","population":2059,"size_band":"regional_town","source":"ABS SAL 2021 + Census 2021 G01"},"geometry":{"type":"Point","coordinates":[151.0718377146599,-33.81472749088485]}},{"type":"Feature","properties":{"sal_code":"12324","name":"Liberty Grove","population":2055,"size_band":"regional_town","source":"ABS SAL 2021 + Census 2021 G01"},"geometry":{"type":"Point","coordinates":[151.08387379828235,-33.840959657427504]}},{"type":"Feature","properties":{"sal_code":"10007","name":"Aberdeen (NSW)","population":2051,"size_band":"regional_town","source":"ABS SAL 2021 + Census 2021 G01"},"geometry":{"type":"Point","coordinates":[150.9042395207852,-32.17048499718301]}},{"type":"Feature","properties":{"sal_code":"11162","name":"Cundletown","population":2050,"size_band":"regional_town","source":"ABS SAL 2021 + Census 2021 G01"},"geometry":{"type":"Point","coordinates":[152.52287100765227,-31.885205039996922]}},{"type":"Feature","properties":{"sal_code":"10527","name":"Bowenfels","population":2049,"size_band":"regional_town","source":"ABS SAL 2021 + Census 2021 G01"},"geometry":{"type":"Point","coordinates":[150.10767918020053,-33.48066799600642]}},{"type":"Feature","properties":{"sal_code":"11567","name":"Freemans Reach","population":2049,"size_band":"regional_town","source":"ABS SAL 2021 + Census 2021 G01"},"geometry":{"type":"Point","coordinates":[150.80513738313275,-33.56949600604162]}},{"type":"Feature","properties":{"sal_code":"12825","name":"Mulgoa","population":2044,"size_band":"regional_town","source":"ABS SAL 2021 + Census 2021 G01"},"geometry":{"type":"Point","coordinates":[150.64142365366692,-33.82017343199724]}},{"type":"Feature","properties":{"sal_code":"13244","name":"Point Frederick","population":2043,"size_band":"regional_town","source":"ABS SAL 2021 + Census 2021 G01"},"geometry":{"type":"Point","coordinates":[151.34373017288365,-33.44022675153096]}},{"type":"Feature","properties":{"sal_code":"13892","name":"Tingira Heights","population":2043,"size_band":"regional_town","source":"ABS SAL 2021 + Census 2021 G01"},"geometry":{"type":"Point","coordinates":[151.66639722107112,-32.99803528694498]}},{"type":"Feature","properties":{"sal_code":"14438","name":"Woronora","population":2043,"size_band":"regional_town","source":"ABS SAL 2021 + Census 2021 G01"},"geometry":{"type":"Point","coordinates":[151.04108658315897,-34.02873336886829]}},{"type":"Feature","properties":{"sal_code":"14228","name":"Wee Waa","population":2034,"size_band":"regional_town","source":"ABS SAL 2021 + Census 2021 G01"},"geometry":{"type":"Point","coordinates":[149.39079949694545,-30.310850430682446]}},{"type":"Feature","properties":{"sal_code":"10766","name":"Cambridge Gardens","population":2030,"size_band":"regional_town","source":"ABS SAL 2021 + Census 2021 G01"},"geometry":{"type":"Point","coordinates":[150.72065140827803,-33.73802783300823]}},{"type":"Feature","properties":{"sal_code":"13065","name":"Oakdale (NSW)","population":2028,"size_band":"regional_town","source":"ABS SAL 2021 + Census 2021 G01"},"geometry":{"type":"Point","coordinates":[150.5056865038442,-34.07856982900711]}},{"type":"Feature","properties":{"sal_code":"13071","name":"Oakville","population":2027,"size_band":"regional_town","source":"ABS SAL 2021 + Census 2021 G01"},"geometry":{"type":"Point","coordinates":[150.87175758007356,-33.62342301096586]}},{"type":"Feature","properties":{"sal_code":"11999","name":"Islington","population":2026,"size_band":"regional_town","source":"ABS SAL 2021 + Census 2021 G01"},"geometry":{"type":"Point","coordinates":[151.74899995967937,-32.91447919178843]}},{"type":"Feature","properties":{"sal_code":"11676","name":"Glenning Valley","population":2023,"size_band":"regional_town","source":"ABS SAL 2021 + Census 2021 G01"},"geometry":{"type":"Point","coordinates":[151.42212306291407,-33.35472609744107]}},{"type":"Feature","properties":{"sal_code":"14466","name":"Wyongah","population":2020,"size_band":"regional_town","source":"ABS SAL 2021 + Census 2021 G01"},"geometry":{"type":"Point","coordinates":[151.48554347338924,-33.27329911539857]}},{"type":"Feature","properties":{"sal_code":"14132","name":"Wallerawang","population":2019,"size_band":"regional_town","source":"ABS SAL 2021 + Census 2021 G01"},"geometry":{"type":"Point","coordinates":[150.05366572975132,-33.425106001342236]}},{"type":"Feature","properties":{"sal_code":"13389","name":"Robertson (NSW)","population":2017,"size_band":"regional_town","source":"ABS SAL 2021 + Census 2021 G01"},"geometry":{"type":"Point","coordinates":[150.60898349359914,-34.601398091212424]}},{"type":"Feature","properties":{"sal_code":"12292","name":"Laurieton","population":2012,"size_band":"regional_town","source":"ABS SAL 2021 + Census 2021 G01"},"geometry":{"type":"Point","coordinates":[152.79526499709579,-31.643957496503276]}},{"type":"Feature","properties":{"sal_code":"11829","name":"Guyra","population":2003,"size_band":"regional_town","source":"ABS SAL 2021 + Census 2021 G01"},"geometry":{"type":"Point","coordinates":[151.6541325198021,-30.215509133605362]}},{"type":"Feature","properties":{"sal_code":"12546","name":"Mayfield West","population":1993,"size_band":"remote_town","source":"ABS SAL 2021 + Census 2021 G01"},"geometry":{"type":"Point","coordinates":[151.72649245553842,-32.886486476876655]}},{"type":"Feature","properties":{"sal_code":"10910","name":"Chittaway Bay","population":1987,"size_band":"remote_town","source":"ABS SAL 2021 + Census 2021 G01"},"geometry":{"type":"Point","coordinates":[151.43718118605182,-33.326776151830735]}},{"type":"Feature","properties":{"sal_code":"11323","name":"Dungog","population":1983,"size_band":"remote_town","source":"ABS SAL 2021 + Census 2021 G01"},"geometry":{"type":"Point","coordinates":[151.74968012358835,-32.40247647729011]}},{"type":"Feature","properties":{"sal_code":"14158","name":"Warabrook","population":1982,"size_band":"remote_town","source":"ABS SAL 2021 + Census 2021 G01"},"geometry":{"type":"Point","coordinates":[151.71635448785676,-32.885916735287374]}},{"type":"Feature","properties":{"sal_code":"12458","name":"Maitland (NSW)","population":1972,"size_band":"remote_town","source":"ABS SAL 2021 + Census 2021 G01"},"geometry":{"type":"Point","coordinates":[151.5529882276412,-32.7342001264259]}},{"type":"Feature","properties":{"sal_code":"12287","name":"Largs","population":1962,"size_band":"remote_town","source":"ABS SAL 2021 + Census 2021 G01"},"geometry":{"type":"Point","coordinates":[151.60536897299355,-32.70106708884314]}},{"type":"Feature","properties":{"sal_code":"11591","name":"Garden Suburb","population":1959,"size_band":"remote_town","source":"ABS SAL 2021 + Census 2021 G01"},"geometry":{"type":"Point","coordinates":[151.67863219798576,-32.946972362035154]}},{"type":"Feature","properties":{"sal_code":"11697","name":"Gol Gol","population":1956,"size_band":"remote_town","source":"ABS SAL 2021 + Census 2021 G01"},"geometry":{"type":"Point","coordinates":[142.22094530149104,-34.1605450515813]}},{"type":"Feature","properties":{"sal_code":"12740","name":"Mortlake (NSW)","population":1954,"size_band":"remote_town","source":"ABS SAL 2021 + Census 2021 G01"},"geometry":{"type":"Point","coordinates":[151.10649819839463,-33.84104420121874]}},{"type":"Feature","properties":{"sal_code":"13060","name":"Nyngan","population":1953,"size_band":"remote_town","source":"ABS SAL 2021 + Census 2021 G01"},"geometry":{"type":"Point","coordinates":[147.15289970307532,-31.53057546936301]}},{"type":"Feature","properties":{"sal_code":"14401","name":"Woodford (NSW)","population":1953,"size_band":"remote_town","source":"ABS SAL 2021 + Census 2021 G01"},"geometry":{"type":"Point","coordinates":[150.47656321036789,-33.73780900113607]}},{"type":"Feature","properties":{"sal_code":"11801","name":"Gulmarrad","population":1950,"size_band":"remote_town","source":"ABS SAL 2021 + Census 2021 G01"},"geometry":{"type":"Point","coordinates":[153.22494973118097,-29.50024345467046]}},{"type":"Feature","properties":{"sal_code":"10605","name":"Broulee","population":1947,"size_band":"remote_town","source":"ABS SAL 2021 + Census 2021 G01"},"geometry":{"type":"Point","coordinates":[150.15582926570497,-35.856050499694696]}},{"type":"Feature","properties":{"sal_code":"12329","name":"Lightning Ridge","population":1946,"size_band":"remote_town","source":"ABS SAL 2021 + Census 2021 G01"},"geometry":{"type":"Point","coordinates":[147.92626695248066,-29.331393497566044]}},{"type":"Feature","properties":{"sal_code":"10398","name":"Blackwall (NSW)","population":1941,"size_band":"remote_town","source":"ABS SAL 2021 + Census 2021 G01"},"geometry":{"type":"Point","coordinates":[151.33236109734275,-33.5051773114097]}},{"type":"Feature","properties":{"sal_code":"13712","name":"Surf Beach (NSW)","population":1934,"size_band":"remote_town","source":"ABS SAL 2021 + Census 2021 G01"},"geometry":{"type":"Point","coordinates":[150.20537735257358,-35.7625299597744]}},{"type":"Feature","properties":{"sal_code":"10734","name":"Cabarita (NSW)","population":1933,"size_band":"remote_town","source":"ABS SAL 2021 + Census 2021 G01"},"geometry":{"type":"Point","coordinates":[151.11647731878125,-33.844749000957044]}},{"type":"Feature","properties":{"sal_code":"12428","name":"Luddenham","population":1927,"size_band":"remote_town","source":"ABS SAL 2021 + Census 2021 G01"},"geometry":{"type":"Point","coordinates":[150.71825475879558,-33.861543192086955]}},{"type":"Feature","properties":{"sal_code":"13370","name":"Revesby Heights","population":1916,"size_band":"remote_town","source":"ABS SAL 2021 + Census 2021 G01"},"geometry":{"type":"Point","coordinates":[151.01822273351445,-33.969658810277494]}},{"type":"Feature","properties":{"sal_code":"13979","name":"Tumbarumba","population":1915,"size_band":"remote_town","source":"ABS SAL 2021 + Census 2021 G01"},"geometry":{"type":"Point","coordinates":[148.07221322643701,-35.72623623871121]}},{"type":"Feature","properties":{"sal_code":"14343","name":"Windsor (NSW)","population":1915,"size_band":"remote_town","source":"ABS SAL 2021 + Census 2021 G01"},"geometry":{"type":"Point","coordinates":[150.81377956154324,-33.611622001462266]}},{"type":"Feature","properties":{"sal_code":"10228","name":"Batehaven","population":1911,"size_band":"remote_town","source":"ABS SAL 2021 + Census 2021 G01"},"geometry":{"type":"Point","coordinates":[150.19838955470945,-35.73725970483935]}},{"type":"Feature","properties":{"sal_code":"12007","name":"Jamberoo","population":1910,"size_band":"remote_town","source":"ABS SAL 2021 + Census 2021 G01"},"geometry":{"type":"Point","coordinates":[150.75775328029133,-34.65701915526501]}},{"type":"Feature","properties":{"sal_code":"10618","name":"Brunswick Heads","population":1905,"size_band":"remote_town","source":"ABS SAL 2021 + Census 2021 G01"},"geometry":{"type":"Point","coordinates":[153.54452805072307,-28.558625380355092]}},{"type":"Feature","properties":{"sal_code":"12548","name":"Mays Hill","population":1902,"size_band":"remote_town","source":"ABS SAL 2021 + Census 2021 G01"},"geometry":{"type":"Point","coordinates":[150.98955532246848,-33.821197161011824]}},{"type":"Feature","properties":{"sal_code":"10166","name":"Balmain East","population":1900,"size_band":"remote_town","source":"ABS SAL 2021 + Census 2021 G01"},"geometry":{"type":"Point","coordinates":[151.19211880923356,-33.85709599110261]}},{"type":"Feature","properties":{"sal_code":"11858","name":"Harden","population":1900,"size_band":"remote_town","source":"ABS SAL 2021 + Census 2021 G01"},"geometry":{"type":"Point","coordinates":[148.36719872238206,-34.54657488458905]}},{"type":"Feature","properties":{"sal_code":"10206","name":"Barooga","population":1888,"size_band":"remote_town","source":"ABS SAL 2021 + Census 2021 G01"},"geometry":{"type":"Point","coordinates":[145.7113816350669,-35.90964580831273]}},{"type":"Feature","properties":{"sal_code":"10501","name":"Boorowa","population":1888,"size_band":"remote_town","source":"ABS SAL 2021 + Census 2021 G01"},"geometry":{"type":"Point","coordinates":[148.74651094883137,-34.36694572611812]}},{"type":"Feature","properties":{"sal_code":"10395","name":"Blacksmiths","population":1881,"size_band":"remote_town","source":"ABS SAL 2021 + Census 2021 G01"},"geometry":{"type":"Point","coordinates":[151.6519925782851,-33.07282084923849]}},{"type":"Feature","properties":{"sal_code":"11349","name":"East Branxton","population":1881,"size_band":"remote_town","source":"ABS SAL 2021 + Census 2021 G01"},"geometry":{"type":"Point","coordinates":[151.36547234743682,-32.654571012017854]}},{"type":"Feature","properties":{"sal_code":"13781","name":"Taren Point","population":1879,"size_band":"remote_town","source":"ABS SAL 2021 + Census 2021 G01"},"geometry":{"type":"Point","coordinates":[151.12465220885227,-34.016869898263074]}},{"type":"Feature","properties":{"sal_code":"10307","name":"Bermagui","population":1865,"size_band":"remote_town","source":"ABS SAL 2021 + Census 2021 G01"},"geometry":{"type":"Point","coordinates":[150.0433856108625,-36.42695449417025]}},{"type":"Feature","properties":{"sal_code":"14321","name":"Willoughby East","population":1864,"size_band":"remote_town","source":"ABS SAL 2021 + Census 2021 G01"},"geometry":{"type":"Point","coordinates":[151.20586443624907,-33.79861265595235]}},{"type":"Feature","properties":{"sal_code":"12153","name":"King Creek","population":1863,"size_band":"remote_town","source":"ABS SAL 2021 + Census 2021 G01"},"geometry":{"type":"Point","coordinates":[152.75764316672132,-31.494654014471784]}},{"type":"Feature","properties":{"sal_code":"12502","name":"Marks Point","population":1861,"size_band":"remote_town","source":"ABS SAL 2021 + Census 2021 G01"},"geometry":{"type":"Point","coordinates":[151.6497460426765,-33.059768256785546]}},{"type":"Feature","properties":{"sal_code":"13643","name":"Springvale (NSW)","population":1851,"size_band":"remote_town","source":"ABS SAL 2021 + Census 2021 G01"},"geometry":{"type":"Point","coordinates":[147.31884294327847,-35.17077722405134]}},{"type":"Feature","properties":{"sal_code":"13976","name":"Tullimbar","population":1840,"size_band":"remote_town","source":"ABS SAL 2021 + Census 2021 G01"},"geometry":{"type":"Point","coordinates":[150.74317395560672,-34.58009565523554]}},{"type":"Feature","properties":{"sal_code":"12596","name":"Merriwa (NSW)","population":1825,"size_band":"remote_town","source":"ABS SAL 2021 + Census 2021 G01"},"geometry":{"type":"Point","coordinates":[150.27748269767355,-32.11081738101471]}},{"type":"Feature","properties":{"sal_code":"14114","name":"Walgett","population":1824,"size_band":"remote_town","source":"ABS SAL 2021 + Census 2021 G01"},"geometry":{"type":"Point","coordinates":[148.01559024824084,-29.974258472414157]}},{"type":"Feature","properties":{"sal_code":"11243","name":"Denman","population":1821,"size_band":"remote_town","source":"ABS SAL 2021 + Census 2021 G01"},"geometry":{"type":"Point","coordinates":[150.70027146776772,-32.37739450173235]}},{"type":"Feature","properties":{"sal_code":"13554","name":"Shoal Bay (NSW)","population":1815,"size_band":"remote_town","source":"ABS SAL 2021 + Census 2021 G01"},"geometry":{"type":"Point","coordinates":[152.17383455928984,-32.723846952064534]}},{"type":"Feature","properties":{"sal_code":"11538","name":"Floraville","population":1814,"size_band":"remote_town","source":"ABS SAL 2021 + Census 2021 G01"},"geometry":{"type":"Point","coordinates":[151.66269905287916,-33.011190303999356]}},{"type":"Feature","properties":{"sal_code":"14141","name":"Wamboin","population":1805,"size_band":"remote_town","source":"ABS SAL 2021 + Census 2021 G01"},"geometry":{"type":"Point","coordinates":[149.3240913639215,-35.25464188995014]}},{"type":"Feature","properties":{"sal_code":"11073","name":"Corindi Beach","population":1802,"size_band":"remote_town","source":"ABS SAL 2021 + Census 2021 G01"},"geometry":{"type":"Point","coordinates":[153.1812167266073,-30.020725184461668]}},{"type":"Feature","properties":{"sal_code":"12641","name":"Milton (NSW)","population":1801,"size_band":"remote_town","source":"ABS SAL 2021 + Census 2021 G01"},"geometry":{"type":"Point","coordinates":[150.4399689996779,-35.313444099118826]}},{"type":"Feature","properties":{"sal_code":"13880","name":"Tighes Hill","population":1801,"size_band":"remote_town","source":"ABS SAL 2021 + Census 2021 G01"},"geometry":{"type":"Point","coordinates":[151.75139346685503,-32.907597407132734]}},{"type":"Feature","properties":{"sal_code":"13106","name":"Orchard Hills","population":1798,"size_band":"remote_town","source":"ABS SAL 2021 + Census 2021 G01"},"geometry":{"type":"Point","coordinates":[150.73365148481167,-33.80668951617939]}},{"type":"Feature","properties":{"sal_code":"12544","name":"Mayfield East","population":1794,"size_band":"remote_town","source":"ABS SAL 2021 + Census 2021 G01"},"geometry":{"type":"Point","coordinates":[151.74987926751044,-32.899618978668286]}},{"type":"Feature","properties":{"sal_code":"11950","name":"Horsley Park","population":1790,"size_band":"remote_town","source":"ABS SAL 2021 + Census 2021 G01"},"geometry":{"type":"Point","coordinates":[150.8480400587196,-33.842596981436344]}},{"type":"Feature","properties":{"sal_code":"10709","name":"Burrill Lake","population":1782,"size_band":"remote_town","source":"ABS SAL 2021 + Census 2021 G01"},"geometry":{"type":"Point","coordinates":[150.44229671424208,-35.38653859776641]}},{"type":"Feature","properties":{"sal_code":"11503","name":"Fennell Bay","population":1780,"size_band":"remote_town","source":"ABS SAL 2021 + Census 2021 G01"},"geometry":{"type":"Point","coordinates":[151.59649536790465,-32.984406278939204]}},{"type":"Feature","properties":{"sal_code":"10985","name":"Colo Vale","population":1775,"size_band":"remote_town","source":"ABS SAL 2021 + Census 2021 G01"},"geometry":{"type":"Point","coordinates":[150.45616948880286,-34.39479974257244]}},{"type":"Feature","properties":{"sal_code":"13605","name":"South Lismore","population":1775,"size_band":"remote_town","source":"ABS SAL 2021 + Census 2021 G01"},"geometry":{"type":"Point","coordinates":[153.2575936300535,-28.813649190347714]}},{"type":"Feature","properties":{"sal_code":"10420","name":"Boambee","population":1770,"size_band":"remote_town","source":"ABS SAL 2021 + Census 2021 G01"},"geometry":{"type":"Point","coordinates":[153.05910668547133,-30.33286750394483]}},{"type":"Feature","properties":{"sal_code":"12783","name":"Mount Kuring-Gai","population":1766,"size_band":"remote_town","source":"ABS SAL 2021 + Census 2021 G01"},"geometry":{"type":"Point","coordinates":[151.13914998806862,-33.6517998733391]}},{"type":"Feature","properties":{"sal_code":"11983","name":"Iluka (NSW)","population":1764,"size_band":"remote_town","source":"ABS SAL 2021 + Census 2021 G01"},"geometry":{"type":"Point","coordinates":[153.35726953066109,-29.398035104938604]}},{"type":"Feature","properties":{"sal_code":"12117","name":"Kew (NSW)","population":1761,"size_band":"remote_town","source":"ABS SAL 2021 + Census 2021 G01"},"geometry":{"type":"Point","coordinates":[152.73614466108722,-31.655414002887483]}},{"type":"Feature","properties":{"sal_code":"12385","name":"Long Beach","population":1758,"size_band":"remote_town","source":"ABS SAL 2021 + Census 2021 G01"},"geometry":{"type":"Point","coordinates":[150.22712317518517,-35.69312277953276]}},{"type":"Feature","properties":{"sal_code":"10942","name":"Coal Point","population":1749,"size_band":"remote_town","source":"ABS SAL 2021 + Census 2021 G01"},"geometry":{"type":"Point","coordinates":[151.6099573527675,-33.037538598941666]}},{"type":"Feature","properties":{"sal_code":"10934","name":"Clontarf (NSW)","population":1746,"size_band":"remote_town","source":"ABS SAL 2021 + Census 2021 G01"},"geometry":{"type":"Point","coordinates":[151.25475425115226,-33.8079396361004]}},{"type":"Feature","properties":{"sal_code":"10499","name":"Boorooma","population":1741,"size_band":"remote_town","source":"ABS SAL 2021 + Census 2021 G01"},"geometry":{"type":"Point","coordinates":[147.36717815898643,-35.07222043879923]}},{"type":"Feature","properties":{"sal_code":"11279","name":"Dora Creek","population":1739,"size_band":"remote_town","source":"ABS SAL 2021 + Census 2021 G01"},"geometry":{"type":"Point","coordinates":[151.49086858129064,-33.07482351191622]}},{"type":"Feature","properties":{"sal_code":"10205","name":"Barnsley","population":1735,"size_band":"remote_town","source":"ABS SAL 2021 + Census 2021 G01"},"geometry":{"type":"Point","coordinates":[151.58608270529052,-32.928495452194845]}},{"type":"Feature","properties":{"sal_code":"12630","name":"Millers Point","population":1735,"size_band":"remote_town","source":"ABS SAL 2021 + Census 2021 G01"},"geometry":{"type":"Point","coordinates":[151.20425087335258,-33.85989654486026]}},{"type":"Feature","properties":{"sal_code":"13323","name":"Ramsgate Beach","population":1734,"size_band":"remote_town","source":"ABS SAL 2021 + Census 2021 G01"},"geometry":{"type":"Point","coordinates":[151.14633004875975,-33.9826362524373]}},{"type":"Feature","properties":{"sal_code":"10544","name":"Braidwood","population":1720,"size_band":"remote_town","source":"ABS SAL 2021 + Census 2021 G01"},"geometry":{"type":"Point","coordinates":[149.80765039941835,-35.42748550501437]}},{"type":"Feature","properties":{"sal_code":"14119","name":"Wallacia","population":1711,"size_band":"remote_town","source":"ABS SAL 2021 + Census 2021 G01"},"geometry":{"type":"Point","coordinates":[150.6459477401177,-33.8927745062438]}},{"type":"Feature","properties":{"sal_code":"14408","name":"Woodpark","population":1706,"size_band":"remote_town","source":"ABS SAL 2021 + Census 2021 G01"},"geometry":{"type":"Point","coordinates":[150.96028212083252,-33.84137179101849]}},{"type":"Feature","properties":{"sal_code":"13786","name":"Tarro","population":1703,"size_band":"remote_town","source":"ABS SAL 2021 + Census 2021 G01"},"geometry":{"type":"Point","coordinates":[151.67241980970522,-32.81188392183328]}},{"type":"Feature","properties":{"sal_code":"10520","name":"Bourke","population":1699,"size_band":"remote_town","source":"ABS SAL 2021 + Census 2021 G01"},"geometry":{"type":"Point","coordinates":[146.01874661002478,-30.192252561800103]}},{"type":"Feature","properties":{"sal_code":"11809","name":"Gundagai","population":1699,"size_band":"remote_town","source":"ABS SAL 2021 + Census 2021 G01"},"geometry":{"type":"Point","coordinates":[148.11674177094147,-35.044766494448396]}},{"type":"Feature","properties":{"sal_code":"10117","name":"Avondale (NSW)","population":1695,"size_band":"remote_town","source":"ABS SAL 2021 + Census 2021 G01"},"geometry":{"type":"Point","coordinates":[150.74786132792838,-34.52219951033258]}},{"type":"Feature","properties":{"sal_code":"12036","name":"Jilliby","population":1694,"size_band":"remote_town","source":"ABS SAL 2021 + Census 2021 G01"},"geometry":{"type":"Point","coordinates":[151.37417981001227,-33.21612153185192]}},{"type":"Feature","properties":{"sal_code":"12779","name":"Mount Keira","population":1691,"size_band":"remote_town","source":"ABS SAL 2021 + Census 2021 G01"},"geometry":{"type":"Point","coordinates":[150.84943501389674,-34.402765724555685]}},{"type":"Feature","properties":{"sal_code":"10575","name":"Broadmeadow","population":1688,"size_band":"remote_town","source":"ABS SAL 2021 + Census 2021 G01"},"geometry":{"type":"Point","coordinates":[151.7332592076555,-32.92606455029901]}},{"type":"Feature","properties":{"sal_code":"12738","name":"Morpeth","population":1686,"size_band":"remote_town","source":"ABS SAL 2021 + Census 2021 G01"},"geometry":{"type":"Point","coordinates":[151.62699276755862,-32.73140550705103]}},{"type":"Feature","properties":{"sal_code":"14097","name":"Voyager Point","population":1678,"size_band":"remote_town","source":"ABS SAL 2021 + Census 2021 G01"},"geometry":{"type":"Point","coordinates":[150.97417560964553,-33.95835526584754]}},{"type":"Feature","properties":{"sal_code":"10927","name":"Clemton Park","population":1676,"size_band":"remote_town","source":"ABS SAL 2021 + Census 2021 G01"},"geometry":{"type":"Point","coordinates":[151.10483539344753,-33.925770121195]}},{"type":"Feature","properties":{"sal_code":"13787","name":"Tascott","population":1675,"size_band":"remote_town","source":"ABS SAL 2021 + Census 2021 G01"},"geometry":{"type":"Point","coordinates":[151.31617573315214,-33.449275539648184]}},{"type":"Feature","properties":{"sal_code":"14524","name":"Yennora","population":1675,"size_band":"remote_town","source":"ABS SAL 2021 + Census 2021 G01"},"geometry":{"type":"Point","coordinates":[150.969475638452,-33.86167336602872]}},{"type":"Feature","properties":{"sal_code":"12528","name":"Maryville","population":1671,"size_band":"remote_town","source":"ABS SAL 2021 + Census 2021 G01"},"geometry":{"type":"Point","coordinates":[151.75516265405676,-32.91149057725139]}},{"type":"Feature","properties":{"sal_code":"13143","name":"Palm Beach (NSW)","population":1652,"size_band":"remote_town","source":"ABS SAL 2021 + Census 2021 G01"},"geometry":{"type":"Point","coordinates":[151.3262079583451,-33.60559598264403]}},{"type":"Feature","properties":{"sal_code":"11927","name":"Holbrook","population":1650,"size_band":"remote_town","source":"ABS SAL 2021 + Census 2021 G01"},"geometry":{"type":"Point","coordinates":[147.29046649026478,-35.69164285648658]}},{"type":"Feature","properties":{"sal_code":"10904","name":"Chinderah","population":1639,"size_band":"remote_town","source":"ABS SAL 2021 + Census 2021 G01"},"geometry":{"type":"Point","coordinates":[153.53796284552138,-28.253119505503154]}},{"type":"Feature","properties":{"sal_code":"14302","name":"Wickham (NSW)","population":1637,"size_band":"remote_town","source":"ABS SAL 2021 + Census 2021 G01"},"geometry":{"type":"Point","coordinates":[151.75696210264002,-32.91852779767153]}},{"type":"Feature","properties":{"sal_code":"10480","name":"Boolaroo","population":1636,"size_band":"remote_town","source":"ABS SAL 2021 + Census 2021 G01"},"geometry":{"type":"Point","coordinates":[151.62789080077172,-32.94654847731773]}},{"type":"Feature","properties":{"sal_code":"11521","name":"Fingal Bay","population":1635,"size_band":"remote_town","source":"ABS SAL 2021 + Census 2021 G01"},"geometry":{"type":"Point","coordinates":[152.16035006174764,-32.74995700259933]}},{"type":"Feature","properties":{"sal_code":"11115","name":"Crescent Head","population":1633,"size_band":"remote_town","source":"ABS SAL 2021 + Census 2021 G01"},"geometry":{"type":"Point","coordinates":[152.9282011720149,-31.221858279546492]}},{"type":"Feature","properties":{"sal_code":"11269","name":"Dolls Point","population":1633,"size_band":"remote_town","source":"ABS SAL 2021 + Census 2021 G01"},"geometry":{"type":"Point","coordinates":[151.1447464383898,-33.99338877585159]}},{"type":"Feature","properties":{"sal_code":"12977","name":"Nirimba Fields","population":1632,"size_band":"remote_town","source":"ABS SAL 2021 + Census 2021 G01"},"geometry":{"type":"Point","coordinates":[150.8740753233381,-33.721883544337864]}},{"type":"Feature","properties":{"sal_code":"10493","name":"Booragul","population":1623,"size_band":"remote_town","source":"ABS SAL 2021 + Census 2021 G01"},"geometry":{"type":"Point","coordinates":[151.6105642581667,-32.974753876570716]}},{"type":"Feature","properties":{"sal_code":"13276","name":"Primbee","population":1623,"size_band":"remote_town","source":"ABS SAL 2021 + Census 2021 G01"},"geometry":{"type":"Point","coordinates":[150.8819202190862,-34.507746875851566]}},{"type":"Feature","properties":{"sal_code":"13002","name":"North Haven (NSW)","population":1619,"size_band":"remote_town","source":"ABS SAL 2021 + Census 2021 G01"},"geometry":{"type":"Point","coordinates":[152.8204659729537,-31.636073503297215]}},{"type":"Feature","properties":{"sal_code":"13835","name":"The Entrance North","population":1619,"size_band":"remote_town","source":"ABS SAL 2021 + Census 2021 G01"},"geometry":{"type":"Point","coordinates":[151.508641148214,-33.32931149598833]}},{"type":"Feature","properties":{"sal_code":"12084","name":"Karuah","population":1618,"size_band":"remote_town","source":"ABS SAL 2021 + Census 2021 G01"},"geometry":{"type":"Point","coordinates":[151.95659344160532,-32.62853600734712]}},{"type":"Feature","properties":{"sal_code":"12372","name":"Llandilo","population":1618,"size_band":"remote_town","source":"ABS SAL 2021 + Census 2021 G01"},"geometry":{"type":"Point","coordinates":[150.7528762924779,-33.70064794107441]}},{"type":"Feature","properties":{"sal_code":"13427","name":"Roseville Chase","population":1618,"size_band":"remote_town","source":"ABS SAL 2021 + Census 2021 G01"},"geometry":{"type":"Point","coordinates":[151.20024651798926,-33.774820096624396]}},{"type":"Feature","properties":{"sal_code":"12793","name":"Mount Ousley","population":1611,"size_band":"remote_town","source":"ABS SAL 2021 + Census 2021 G01"},"geometry":{"type":"Point","coordinates":[150.87885018887343,-34.40038777056415]}},{"type":"Feature","properties":{"sal_code":"10526","name":"Bowen Mountain","population":1609,"size_band":"remote_town","source":"ABS SAL 2021 + Census 2021 G01"},"geometry":{"type":"Point","coordinates":[150.6227034934762,-33.580711878918486]}},{"type":"Feature","properties":{"sal_code":"12974","name":"Nimbin","population":1607,"size_band":"remote_town","source":"ABS SAL 2021 + Census 2021 G01"},"geometry":{"type":"Point","coordinates":[153.2408093482832,-28.580218015039623]}},{"type":"Feature","properties":{"sal_code":"10524","name":"Bow Bowing","population":1606,"size_band":"remote_town","source":"ABS SAL 2021 + Census 2021 G01"},"geometry":{"type":"Point","coordinates":[150.83993667095191,-34.01728669071651]}},{"type":"Feature","properties":{"sal_code":"10840","name":"Carwoola","population":1602,"size_band":"remote_town","source":"ABS SAL 2021 + Census 2021 G01"},"geometry":{"type":"Point","coordinates":[149.31331682128345,-35.38068126963077]}},{"type":"Feature","properties":{"sal_code":"14261","name":"West Gosford","population":1602,"size_band":"remote_town","source":"ABS SAL 2021 + Census 2021 G01"},"geometry":{"type":"Point","coordinates":[151.3223310900903,-33.420830521871274]}},{"type":"Feature","properties":{"sal_code":"13463","name":"Russell Vale","population":1593,"size_band":"remote_town","source":"ABS SAL 2021 + Census 2021 G01"},"geometry":{"type":"Point","coordinates":[150.89126589155183,-34.35454341083871]}},{"type":"Feature","properties":{"sal_code":"10223","name":"Basin View","population":1583,"size_band":"remote_town","source":"ABS SAL 2021 + Census 2021 G01"},"geometry":{"type":"Point","coordinates":[150.55766393887166,-35.09274199517467]}},{"type":"Feature","properties":{"sal_code":"13593","name":"South Bathurst","population":1583,"size_band":"remote_town","source":"ABS SAL 2021 + Census 2021 G01"},"geometry":{"type":"Point","coordinates":[149.57444409821264,-33.443304782052586]}},{"type":"Feature","properties":{"sal_code":"14242","name":"Wentworth (NSW)","population":1577,"size_band":"remote_town","source":"ABS SAL 2021 + Census 2021 G01"},"geometry":{"type":"Point","coordinates":[142.03279143687368,-33.86932588783943]}},{"type":"Feature","properties":{"sal_code":"10229","name":"Batemans Bay","population":1573,"size_band":"remote_town","source":"ABS SAL 2021 + Census 2021 G01"},"geometry":{"type":"Point","coordinates":[150.1614639644943,-35.70546600564564]}},{"type":"Feature","properties":{"sal_code":"10200","name":"Barham","population":1569,"size_band":"remote_town","source":"ABS SAL 2021 + Census 2021 G01"},"geometry":{"type":"Point","coordinates":[144.2104121246126,-35.60550139295758]}},{"type":"Feature","properties":{"sal_code":"13586","name":"Soldiers Point","population":1564,"size_band":"remote_town","source":"ABS SAL 2021 + Census 2021 G01"},"geometry":{"type":"Point","coordinates":[152.0664019379692,-32.70908170994245]}},{"type":"Feature","properties":{"sal_code":"14522","name":"Yenda (NSW)","population":1564,"size_band":"remote_town","source":"ABS SAL 2021 + Census 2021 G01"},"geometry":{"type":"Point","coordinates":[146.2183865000533,-34.19435476334012]}},{"type":"Feature","properties":{"sal_code":"13717","name":"Sutton (NSW)","population":1556,"size_band":"remote_town","source":"ABS SAL 2021 + Census 2021 G01"},"geometry":{"type":"Point","coordinates":[149.20600125493584,-35.1496506609562]}},{"type":"Feature","properties":{"sal_code":"11919","name":"Hillston","population":1547,"size_band":"remote_town","source":"ABS SAL 2021 + Census 2021 G01"},"geometry":{"type":"Point","coordinates":[145.4774925342952,-33.44347350469286]}},{"type":"Feature","properties":{"sal_code":"12053","name":"Junction Hill","population":1547,"size_band":"remote_town","source":"ABS SAL 2021 + Census 2021 G01"},"geometry":{"type":"Point","coordinates":[152.93061214782952,-29.63693456944921]}},{"type":"Feature","properties":{"sal_code":"10646","name":"Bulahdelah","population":1538,"size_band":"remote_town","source":"ABS SAL 2021 + Census 2021 G01"},"geometry":{"type":"Point","coordinates":[152.16355349267835,-32.388760489858754]}},{"type":"Feature","properties":{"sal_code":"13668","name":"Stanwell Park","population":1532,"size_band":"remote_town","source":"ABS SAL 2021 + Census 2021 G01"},"geometry":{"type":"Point","coordinates":[150.97936960304128,-34.229105695620035]}},{"type":"Feature","properties":{"sal_code":"13789","name":"Tathra","population":1527,"size_band":"remote_town","source":"ABS SAL 2021 + Census 2021 G01"},"geometry":{"type":"Point","coordinates":[149.96653752038847,-36.73730740124663]}},{"type":"Feature","properties":{"sal_code":"10892","name":"Chatswood West","population":1521,"size_band":"remote_town","source":"ABS SAL 2021 + Census 2021 G01"},"geometry":{"type":"Point","coordinates":[151.15829763135028,-33.796043006519994]}},{"type":"Feature","properties":{"sal_code":"14166","name":"Wareemba","population":1519,"size_band":"remote_town","source":"ABS SAL 2021 + Census 2021 G01"},"geometry":{"type":"Point","coordinates":[151.13171331373513,-33.85758912111324]}},{"type":"Feature","properties":{"sal_code":"12133","name":"Kilaben Bay","population":1516,"size_band":"remote_town","source":"ABS SAL 2021 + Census 2021 G01"},"geometry":{"type":"Point","coordinates":[151.59177126526768,-33.023958002102454]}},{"type":"Feature","properties":{"sal_code":"13737","name":"Table Top","population":1516,"size_band":"remote_town","source":"ABS SAL 2021 + Census 2021 G01"},"geometry":{"type":"Point","coordinates":[147.02371255356968,-35.937172888789966]}},{"type":"Feature","properties":{"sal_code":"12374","name":"Lloyd","population":1509,"size_band":"remote_town","source":"ABS SAL 2021 + Census 2021 G01"},"geometry":{"type":"Point","coordinates":[147.3226376399393,-35.147655244240106]}},{"type":"Feature","properties":{"sal_code":"14265","name":"West Nowra","population":1504,"size_band":"remote_town","source":"ABS SAL 2021 + Census 2021 G01"},"geometry":{"type":"Point","coordinates":[150.58313950366082,-34.88227895405859]}},{"type":"Feature","properties":{"sal_code":"12585","name":"Merewether Heights","population":1495,"size_band":"remote_town","source":"ABS SAL 2021 + Census 2021 G01"},"geometry":{"type":"Point","coordinates":[151.73411721463452,-32.94675850177213]}},{"type":"Feature","properties":{"sal_code":"12918","name":"Narrawallee","population":1487,"size_band":"remote_town","source":"ABS SAL 2021 + Census 2021 G01"},"geometry":{"type":"Point","coordinates":[150.46486953937892,-35.311550484831606]}},{"type":"Feature","properties":{"sal_code":"11148","name":"Culcairn","population":1483,"size_band":"remote_town","source":"ABS SAL 2021 + Census 2021 G01"},"geometry":{"type":"Point","coordinates":[147.00135700035733,-35.68985398889086]}},{"type":"Feature","properties":{"sal_code":"14167","name":"Warialda","population":1480,"size_band":"remote_town","source":"ABS SAL 2021 + Census 2021 G01"},"geometry":{"type":"Point","coordinates":[150.5345681972214,-29.399486079044856]}},{"type":"Feature","properties":{"sal_code":"13757","name":"Tamarama","population":1478,"size_band":"remote_town","source":"ABS SAL 2021 + Census 2021 G01"},"geometry":{"type":"Point","coordinates":[151.27181901749697,-33.89902967590576]}},{"type":"Feature","properties":{"sal_code":"14255","name":"Werris Creek","population":1478,"size_band":"remote_town","source":"ABS SAL 2021 + Census 2021 G01"},"geometry":{"type":"Point","coordinates":[150.640088461609,-31.34677321236739]}},{"type":"Feature","properties":{"sal_code":"10073","name":"Arcadia (NSW)","population":1475,"size_band":"remote_town","source":"ABS SAL 2021 + Census 2021 G01"},"geometry":{"type":"Point","coordinates":[151.06974200798413,-33.61170904127664]}},{"type":"Feature","properties":{"sal_code":"10063","name":"Annangrove","population":1472,"size_band":"remote_town","source":"ABS SAL 2021 + Census 2021 G01"},"geometry":{"type":"Point","coordinates":[150.9417883980772,-33.65545680607328]}},{"type":"Feature","properties":{"sal_code":"12398","name":"Lorn","population":1465,"size_band":"remote_town","source":"ABS SAL 2021 + Census 2021 G01"},"geometry":{"type":"Point","coordinates":[151.57186722075394,-32.72748600670996]}},{"type":"Feature","properties":{"sal_code":"13713","name":"Surfside","population":1456,"size_band":"remote_town","source":"ABS SAL 2021 + Census 2021 G01"},"geometry":{"type":"Point","coordinates":[150.19951726647952,-35.69509399994306]}},{"type":"Feature","properties":{"sal_code":"12444","name":"Macquarie Links","population":1455,"size_band":"remote_town","source":"ABS SAL 2021 + Census 2021 G01"},"geometry":{"type":"Point","coordinates":[150.8719266636713,-33.9808059331478]}},{"type":"Feature","properties":{"sal_code":"14086","name":"Valla Beach","population":1455,"size_band":"remote_town","source":"ABS SAL 2021 + Census 2021 G01"},"geometry":{"type":"Point","coordinates":[153.00849695702345,-30.590187129326118]}},{"type":"Feature","properties":{"sal_code":"13267","name":"Potts Hill","population":1454,"size_band":"remote_town","source":"ABS SAL 2021 + Census 2021 G01"},"geometry":{"type":"Point","coordinates":[151.03279709590547,-33.89270833643009]}},{"type":"Feature","properties":{"sal_code":"12960","name":"Newcastle West","population":1453,"size_band":"remote_town","source":"ABS SAL 2021 + Census 2021 G01"},"geometry":{"type":"Point","coordinates":[151.76006342297072,-32.92861154106567]}},{"type":"Feature","properties":{"sal_code":"13364","name":"Renwick","population":1453,"size_band":"remote_town","source":"ABS SAL 2021 + Census 2021 G01"},"geometry":{"type":"Point","coordinates":[150.4732646352722,-34.44998500059773]}},{"type":"Feature","properties":{"sal_code":"11564","name":"Frederickton","population":1452,"size_band":"remote_town","source":"ABS SAL 2021 + Census 2021 G01"},"geometry":{"type":"Point","coordinates":[152.8606348739084,-31.02539300857824]}},{"type":"Feature","properties":{"sal_code":"12100","name":"Kembla Grange","population":1452,"size_band":"remote_town","source":"ABS SAL 2021 + Census 2021 G01"},"geometry":{"type":"Point","coordinates":[150.80008114908074,-34.4628255006908]}},{"type":"Feature","properties":{"sal_code":"12802","name":"Mount Saint Thomas","population":1449,"size_band":"remote_town","source":"ABS SAL 2021 + Census 2021 G01"},"geometry":{"type":"Point","coordinates":[150.87167671193504,-34.440342415926985]}},{"type":"Feature","properties":{"sal_code":"12265","name":"Lakelands (NSW)","population":1445,"size_band":"remote_town","source":"ABS SAL 2021 + Census 2021 G01"},"geometry":{"type":"Point","coordinates":[151.64990202254916,-32.96218439403064]}},{"type":"Feature","properties":{"sal_code":"10028","name":"Aldavilla","population":1443,"size_band":"remote_town","source":"ABS SAL 2021 + Census 2021 G01"},"geometry":{"type":"Point","coordinates":[152.76948871138381,-31.072866503923073]}},{"type":"Feature","properties":{"sal_code":"10475","name":"Booker Bay","population":1442,"size_band":"remote_town","source":"ABS SAL 2021 + Census 2021 G01"},"geometry":{"type":"Point","coordinates":[151.34591862522262,-33.51257549685315]}},{"type":"Feature","properties":{"sal_code":"12573","name":"Melonba","population":1439,"size_band":"remote_town","source":"ABS SAL 2021 + Census 2021 G01"},"geometry":{"type":"Point","coordinates":[150.80463893313438,-33.690007039809444]}},{"type":"Feature","properties":{"sal_code":"13710","name":"Sunshine Bay","population":1439,"size_band":"remote_town","source":"ABS SAL 2021 + Census 2021 G01"},"geometry":{"type":"Point","coordinates":[150.20938822251938,-35.74571899995996]}},{"type":"Feature","properties":{"sal_code":"10074","name":"Arcadia Vale","population":1431,"size_band":"remote_town","source":"ABS SAL 2021 + Census 2021 G01"},"geometry":{"type":"Point","coordinates":[151.5814316752121,-33.0587594921941]}},{"type":"Feature","properties":{"sal_code":"12250","name":"Lake Cargelligo","population":1430,"size_band":"remote_town","source":"ABS SAL 2021 + Census 2021 G01"},"geometry":{"type":"Point","coordinates":[146.30069410166652,-33.37762560998111]}},{"type":"Feature","properties":{"sal_code":"12523","name":"Marulan","population":1428,"size_band":"remote_town","source":"ABS SAL 2021 + Census 2021 G01"},"geometry":{"type":"Point","coordinates":[149.98914067444593,-34.741450797075004]}},{"type":"Feature","properties":{"sal_code":"11880","name":"Hawks Nest","population":1413,"size_band":"remote_town","source":"ABS SAL 2021 + Census 2021 G01"},"geometry":{"type":"Point","coordinates":[152.18586572373783,-32.64190050255956]}},{"type":"Feature","properties":{"sal_code":"11931","name":"Holmesville","population":1413,"size_band":"remote_town","source":"ABS SAL 2021 + Census 2021 G01"},"geometry":{"type":"Point","coordinates":[151.58074902566472,-32.915235012144144]}},{"type":"Feature","properties":{"sal_code":"12331","name":"Lilli Pilli (Sutherland Shire - NSW)","population":1405,"size_band":"remote_town","source":"ABS SAL 2021 + Census 2021 G01"},"geometry":{"type":"Point","coordinates":[151.1159650356258,-34.06716087613087]}},{"type":"Feature","properties":{"sal_code":"12225","name":"Kurraba Point","population":1401,"size_band":"remote_town","source":"ABS SAL 2021 + Census 2021 G01"},"geometry":{"type":"Point","coordinates":[151.22280211343897,-33.84144773457315]}},{"type":"Feature","properties":{"sal_code":"12441","name":"Macmasters Beach","population":1399,"size_band":"remote_town","source":"ABS SAL 2021 + Census 2021 G01"},"geometry":{"type":"Point","coordinates":[151.40816104342474,-33.495660603249796]}},{"type":"Feature","properties":{"sal_code":"12795","name":"Mount Pleasant (NSW)","population":1397,"size_band":"remote_town","source":"ABS SAL 2021 + Census 2021 G01"},"geometry":{"type":"Point","coordinates":[150.8682664133674,-34.39566351064383]}},{"type":"Feature","properties":{"sal_code":"11857","name":"Hanwood","population":1388,"size_band":"remote_town","source":"ABS SAL 2021 + Census 2021 G01"},"geometry":{"type":"Point","coordinates":[146.02255968891126,-34.359150504115675]}},{"type":"Feature","properties":{"sal_code":"11285","name":"Douglas Park","population":1386,"size_band":"remote_town","source":"ABS SAL 2021 + Census 2021 G01"},"geometry":{"type":"Point","coordinates":[150.7126985134732,-34.19605942151212]}},{"type":"Feature","properties":{"sal_code":"10809","name":"Cardiff Heights","population":1384,"size_band":"remote_town","source":"ABS SAL 2021 + Census 2021 G01"},"geometry":{"type":"Point","coordinates":[151.67434034310395,-32.93650208073914]}},{"type":"Feature","properties":{"sal_code":"13406","name":"Rodd Point","population":1380,"size_band":"remote_town","source":"ABS SAL 2021 + Census 2021 G01"},"geometry":{"type":"Point","coordinates":[151.14402204772443,-33.86583977095993]}},{"type":"Feature","properties":{"sal_code":"11770","name":"Greenhills Beach","population":1375,"size_band":"remote_town","source":"ABS SAL 2021 + Census 2021 G01"},"geometry":{"type":"Point","coordinates":[151.16273586760587,-34.03647639627134]}},{"type":"Feature","properties":{"sal_code":"11063","name":"Coraki","population":1373,"size_band":"remote_town","source":"ABS SAL 2021 + Census 2021 G01"},"geometry":{"type":"Point","coordinates":[153.27084293068802,-28.98579408598099]}},{"type":"Feature","properties":{"sal_code":"10454","name":"Bombala","population":1372,"size_band":"remote_town","source":"ABS SAL 2021 + Census 2021 G01"},"geometry":{"type":"Point","coordinates":[149.24372802740018,-36.88990900363017]}},{"type":"Feature","properties":{"sal_code":"10966","name":"Coledale","population":1372,"size_band":"remote_town","source":"ABS SAL 2021 + Census 2021 G01"},"geometry":{"type":"Point","coordinates":[150.94161521367016,-34.2884464655617]}},{"type":"Feature","properties":{"sal_code":"13589","name":"South Albury","population":1372,"size_band":"remote_town","source":"ABS SAL 2021 + Census 2021 G01"},"geometry":{"type":"Point","coordinates":[146.9141495407218,-36.098738699454444]}},{"type":"Feature","properties":{"sal_code":"14204","name":"Waterview Heights","population":1364,"size_band":"remote_town","source":"ABS SAL 2021 + Census 2021 G01"},"geometry":{"type":"Point","coordinates":[152.84619726025653,-29.689975504657227]}},{"type":"Feature","properties":{"sal_code":"10754","name":"Callaghan","population":1358,"size_band":"remote_town","source":"ABS SAL 2021 + Census 2021 G01"},"geometry":{"type":"Point","coordinates":[151.70462543582198,-32.890252347197716]}},{"type":"Feature","properties":{"sal_code":"13105","name":"Orangeville","population":1354,"size_band":"remote_town","source":"ABS SAL 2021 + Census 2021 G01"},"geometry":{"type":"Point","coordinates":[150.60090426152942,-34.03248101076481]}},{"type":"Feature","properties":{"sal_code":"10079","name":"Argenton","population":1352,"size_band":"remote_town","source":"ABS SAL 2021 + Census 2021 G01"},"geometry":{"type":"Point","coordinates":[151.63207032851378,-32.93534406700258]}},{"type":"Feature","properties":{"sal_code":"11401","name":"Ellalong","population":1351,"size_band":"remote_town","source":"ABS SAL 2021 + Census 2021 G01"},"geometry":{"type":"Point","coordinates":[151.31132199822986,-32.92968379890921]}},{"type":"Feature","properties":{"sal_code":"10449","name":"Bolwarra (NSW)","population":1350,"size_band":"remote_town","source":"ABS SAL 2021 + Census 2021 G01"},"geometry":{"type":"Point","coordinates":[151.5753854770558,-32.710792501895625]}},{"type":"Feature","properties":{"sal_code":"12634","name":"Millthorpe","population":1347,"size_band":"remote_town","source":"ABS SAL 2021 + Census 2021 G01"},"geometry":{"type":"Point","coordinates":[149.19959653106483,-33.455543830777]}},{"type":"Feature","properties":{"sal_code":"13854","name":"The Rock","population":1347,"size_band":"remote_town","source":"ABS SAL 2021 + Census 2021 G01"},"geometry":{"type":"Point","coordinates":[147.14185108534238,-35.266971514276634]}},{"type":"Feature","properties":{"sal_code":"10733","name":"Bywong","population":1342,"size_band":"remote_town","source":"ABS SAL 2021 + Census 2021 G01"},"geometry":{"type":"Point","coordinates":[149.32950047059012,-35.178312244730925]}},{"type":"Feature","properties":{"sal_code":"11357","name":"East Kempsey","population":1336,"size_band":"remote_town","source":"ABS SAL 2021 + Census 2021 G01"},"geometry":{"type":"Point","coordinates":[152.8559321736331,-31.08127715353414]}},{"type":"Feature","properties":{"sal_code":"13245","name":"Point Piper","population":1334,"size_band":"remote_town","source":"ABS SAL 2021 + Census 2021 G01"},"geometry":{"type":"Point","coordinates":[151.2523317436643,-33.86691017159182]}},{"type":"Feature","properties":{"sal_code":"14534","name":"Yoogali","population":1334,"size_band":"remote_town","source":"ABS SAL 2021 + Census 2021 G01"},"geometry":{"type":"Point","coordinates":[146.09874101474713,-34.31639810486549]}},{"type":"Feature","properties":{"sal_code":"13579","name":"Smiths Lake","population":1332,"size_band":"remote_town","source":"ABS SAL 2021 + Census 2021 G01"},"geometry":{"type":"Point","coordinates":[152.49520724474732,-32.378469497382824]}},{"type":"Feature","properties":{"sal_code":"10207","name":"Barraba","population":1329,"size_band":"remote_town","source":"ABS SAL 2021 + Census 2021 G01"},"geometry":{"type":"Point","coordinates":[150.55740365561132,-30.386276003029874]}},{"type":"Feature","properties":{"sal_code":"12613","name":"Middle Cove","population":1327,"size_band":"remote_town","source":"ABS SAL 2021 + Census 2021 G01"},"geometry":{"type":"Point","coordinates":[151.21179665795879,-33.79242040152481]}},{"type":"Feature","properties":{"sal_code":"13594","name":"South Bowenfels","population":1326,"size_band":"remote_town","source":"ABS SAL 2021 + Census 2021 G01"},"geometry":{"type":"Point","coordinates":[150.11261230014287,-33.519392000872074]}},{"type":"Feature","properties":{"sal_code":"10364","name":"Bingara","population":1318,"size_band":"remote_town","source":"ABS SAL 2021 + Census 2021 G01"},"geometry":{"type":"Point","coordinates":[150.5712334871083,-29.847560640436793]}},{"type":"Feature","properties":{"sal_code":"11635","name":"Girards Hill","population":1318,"size_band":"remote_town","source":"ABS SAL 2021 + Census 2021 G01"},"geometry":{"type":"Point","coordinates":[153.27812927195868,-28.81766150546614]}},{"type":"Feature","properties":{"sal_code":"13550","name":"Shelly Beach (NSW)","population":1313,"size_band":"remote_town","source":"ABS SAL 2021 + Census 2021 G01"},"geometry":{"type":"Point","coordinates":[151.48337360090534,-33.36992400694759]}},{"type":"Feature","properties":{"sal_code":"10784","name":"Canada Bay","population":1308,"size_band":"remote_town","source":"ABS SAL 2021 + Census 2021 G01"},"geometry":{"type":"Point","coordinates":[151.11506226829113,-33.86450541844144]}},{"type":"Feature","properties":{"sal_code":"13569","name":"Skennars Head","population":1303,"size_band":"remote_town","source":"ABS SAL 2021 + Census 2021 G01"},"geometry":{"type":"Point","coordinates":[153.5887746553823,-28.833176500259192]}},{"type":"Feature","properties":{"sal_code":"10315","name":"Berridale","population":1300,"size_band":"remote_town","source":"ABS SAL 2021 + Census 2021 G01"},"geometry":{"type":"Point","coordinates":[148.83681085164596,-36.3782710091281]}},{"type":"Feature","properties":{"sal_code":"10653","name":"Bullaburra","population":1300,"size_band":"remote_town","source":"ABS SAL 2021 + Census 2021 G01"},"geometry":{"type":"Point","coordinates":[150.40928186325945,-33.72778550093429]}},{"type":"Feature","properties":{"sal_code":"11685","name":"Glenugie","population":1298,"size_band":"remote_town","source":"ABS SAL 2021 + Census 2021 G01"},"geometry":{"type":"Point","coordinates":[153.03825049592663,-29.801501547826636]}},{"type":"Feature","properties":{"sal_code":"12896","name":"Nabiac","population":1294,"size_band":"remote_town","source":"ABS SAL 2021 + Census 2021 G01"},"geometry":{"type":"Point","coordinates":[152.42560074866316,-32.122992003032934]}},{"type":"Feature","properties":{"sal_code":"10188","name":"Bar Beach","population":1292,"size_band":"remote_town","source":"ABS SAL 2021 + Census 2021 G01"},"geometry":{"type":"Point","coordinates":[151.76839853026763,-32.93909438181711]}},{"type":"Feature","properties":{"sal_code":"13969","name":"Tuggerawong","population":1285,"size_band":"remote_town","source":"ABS SAL 2021 + Census 2021 G01"},"geometry":{"type":"Point","coordinates":[151.46924130485556,-33.284769021683104]}},{"type":"Feature","properties":{"sal_code":"12631","name":"Millfield","population":1282,"size_band":"remote_town","source":"ABS SAL 2021 + Census 2021 G01"},"geometry":{"type":"Point","coordinates":[151.25181515757873,-32.89024933215521]}},{"type":"Feature","properties":{"sal_code":"12494","name":"Maraylya","population":1281,"size_band":"remote_town","source":"ABS SAL 2021 + Census 2021 G01"},"geometry":{"type":"Point","coordinates":[150.91596699807334,-33.59394066024005]}},{"type":"Feature","properties":{"sal_code":"11887","name":"Haywards Bay","population":1280,"size_band":"remote_town","source":"ABS SAL 2021 + Census 2021 G01"},"geometry":{"type":"Point","coordinates":[150.79570894887993,-34.54515035150462]}},{"type":"Feature","properties":{"sal_code":"13493","name":"Sandringham (NSW)","population":1275,"size_band":"remote_town","source":"ABS SAL 2021 + Census 2021 G01"},"geometry":{"type":"Point","coordinates":[151.13895405382704,-33.99868673132139]}},{"type":"Feature","properties":{"sal_code":"11791","name":"Grose Vale","population":1272,"size_band":"remote_town","source":"ABS SAL 2021 + Census 2021 G01"},"geometry":{"type":"Point","coordinates":[150.67911648508488,-33.587561601273094]}},{"type":"Feature","properties":{"sal_code":"13317","name":"Raglan (NSW)","population":1272,"size_band":"remote_town","source":"ABS SAL 2021 + Census 2021 G01"},"geometry":{"type":"Point","coordinates":[149.65113298386214,-33.4192896479713]}},{"type":"Feature","properties":{"sal_code":"14189","name":"Warren","population":1272,"size_band":"remote_town","source":"ABS SAL 2021 + Census 2021 G01"},"geometry":{"type":"Point","coordinates":[147.85570650844676,-31.76941141196279]}},{"type":"Feature","properties":{"sal_code":"10232","name":"Batlow","population":1270,"size_band":"remote_town","source":"ABS SAL 2021 + Census 2021 G01"},"geometry":{"type":"Point","coordinates":[148.13702310967122,-35.532110513830666]}},{"type":"Feature","properties":{"sal_code":"12209","name":"Kotara South","population":1267,"size_band":"remote_town","source":"ABS SAL 2021 + Census 2021 G01"},"geometry":{"type":"Point","coordinates":[151.6914551788476,-32.95114543704855]}},{"type":"Feature","properties":{"sal_code":"10836","name":"Carss Park","population":1265,"size_band":"remote_town","source":"ABS SAL 2021 + Census 2021 G01"},"geometry":{"type":"Point","coordinates":[151.11677015519078,-33.98679313078939]}},{"type":"Feature","properties":{"sal_code":"10317","name":"Berrigan","population":1264,"size_band":"remote_town","source":"ABS SAL 2021 + Census 2021 G01"},"geometry":{"type":"Point","coordinates":[145.82831971039613,-35.65039527004877]}},{"type":"Feature","properties":{"sal_code":"12065","name":"Kandos","population":1263,"size_band":"remote_town","source":"ABS SAL 2021 + Census 2021 G01"},"geometry":{"type":"Point","coordinates":[149.96222227696992,-32.861678281783796]}},{"type":"Feature","properties":{"sal_code":"11024","name":"Coolah","population":1262,"size_band":"remote_town","source":"ABS SAL 2021 + Census 2021 G01"},"geometry":{"type":"Point","coordinates":[149.76533446295096,-31.784586992251153]}},{"type":"Feature","properties":{"sal_code":"12227","name":"Kurrajong Heights","population":1255,"size_band":"remote_town","source":"ABS SAL 2021 + Census 2021 G01"},"geometry":{"type":"Point","coordinates":[150.60593249958563,-33.519239991527435]}},{"type":"Feature","properties":{"sal_code":"10693","name":"Buronga","population":1252,"size_band":"remote_town","source":"ABS SAL 2021 + Census 2021 G01"},"geometry":{"type":"Point","coordinates":[142.1859874161085,-34.15895799487662]}},{"type":"Feature","properties":{"sal_code":"12579","name":"Menangle","population":1252,"size_band":"remote_town","source":"ABS SAL 2021 + Census 2021 G01"},"geometry":{"type":"Point","coordinates":[150.72284428931133,-34.133928006029464]}},{"type":"Feature","properties":{"sal_code":"12268","name":"Lakewood","population":1249,"size_band":"remote_town","source":"ABS SAL 2021 + Census 2021 G01"},"geometry":{"type":"Point","coordinates":[152.76661311342951,-31.635016008136574]}},{"type":"Feature","properties":{"sal_code":"10849","name":"Castlereagh","population":1248,"size_band":"remote_town","source":"ABS SAL 2021 + Census 2021 G01"},"geometry":{"type":"Point","coordinates":[150.6812584684725,-33.685917022234094]}},{"type":"Feature","properties":{"sal_code":"11932","name":"Holroyd","population":1248,"size_band":"remote_town","source":"ABS SAL 2021 + Census 2021 G01"},"geometry":{"type":"Point","coordinates":[150.99704264561427,-33.83015729623591]}},{"type":"Feature","properties":{"sal_code":"13805","name":"Tennyson Point","population":1247,"size_band":"remote_town","source":"ABS SAL 2021 + Census 2021 G01"},"geometry":{"type":"Point","coordinates":[151.1168715381555,-33.83223251100988]}},{"type":"Feature","properties":{"sal_code":"11775","name":"Greenwell Point","population":1245,"size_band":"remote_town","source":"ABS SAL 2021 + Census 2021 G01"},"geometry":{"type":"Point","coordinates":[150.73019517363687,-34.91131948909401]}},{"type":"Feature","properties":{"sal_code":"10169","name":"Balranald","population":1240,"size_band":"remote_town","source":"ABS SAL 2021 + Census 2021 G01"},"geometry":{"type":"Point","coordinates":[143.38926100589475,-34.34326306796624]}},{"type":"Feature","properties":{"sal_code":"12807","name":"Mount Vernon","population":1235,"size_band":"remote_town","source":"ABS SAL 2021 + Census 2021 G01"},"geometry":{"type":"Point","coordinates":[150.807878833869,-33.860611695321644]}},{"type":"Feature","properties":{"sal_code":"12785","name":"Mount Lewis","population":1234,"size_band":"remote_town","source":"ABS SAL 2021 + Census 2021 G01"},"geometry":{"type":"Point","coordinates":[151.04911696574186,-33.91572735111848]}},{"type":"Feature","properties":{"sal_code":"11811","name":"Gundaroo","population":1233,"size_band":"remote_town","source":"ABS SAL 2021 + Census 2021 G01"},"geometry":{"type":"Point","coordinates":[149.27100862020885,-35.041503834746905]}},{"type":"Feature","properties":{"sal_code":"13908","name":"Tomakin","population":1233,"size_band":"remote_town","source":"ABS SAL 2021 + Census 2021 G01"},"geometry":{"type":"Point","coordinates":[150.18957309235407,-35.82282049442777]}},{"type":"Feature","properties":{"sal_code":"11899","name":"Henty (NSW)","population":1225,"size_band":"remote_town","source":"ABS SAL 2021 + Census 2021 G01"},"geometry":{"type":"Point","coordinates":[147.0696071921778,-35.52369099867848]}},{"type":"Feature","properties":{"sal_code":"12888","name":"Myocum","population":1217,"size_band":"remote_town","source":"ABS SAL 2021 + Census 2021 G01"},"geometry":{"type":"Point","coordinates":[153.50558355529728,-28.59714281353543]}},{"type":"Feature","properties":{"sal_code":"13173","name":"Paxton","population":1215,"size_band":"remote_town","source":"ABS SAL 2021 + Census 2021 G01"},"geometry":{"type":"Point","coordinates":[151.28645424164674,-32.90425600158379]}},{"type":"Feature","properties":{"sal_code":"11280","name":"Dorrigo","population":1214,"size_band":"remote_town","source":"ABS SAL 2021 + Census 2021 G01"},"geometry":{"type":"Point","coordinates":[152.69656972979166,-30.327685504287633]}},{"type":"Feature","properties":{"sal_code":"14392","name":"Wongawilli","population":1213,"size_band":"remote_town","source":"ABS SAL 2021 + Census 2021 G01"},"geometry":{"type":"Point","coordinates":[150.75009918042144,-34.471931725299996]}},{"type":"Feature","properties":{"sal_code":"10763","name":"Cambewarra Village","population":1211,"size_band":"remote_town","source":"ABS SAL 2021 + Census 2021 G01"},"geometry":{"type":"Point","coordinates":[150.55835736910075,-34.8228174166984]}},{"type":"Feature","properties":{"sal_code":"13256","name":"Port Hacking","population":1210,"size_band":"remote_town","source":"ABS SAL 2021 + Census 2021 G01"},"geometry":{"type":"Point","coordinates":[151.1232307794254,-34.066940256116254]}},{"type":"Feature","properties":{"sal_code":"10721","name":"Buttaba","population":1204,"size_band":"remote_town","source":"ABS SAL 2021 + Census 2021 G01"},"geometry":{"type":"Point","coordinates":[151.57678283971788,-33.05019126207358]}},{"type":"Feature","properties":{"sal_code":"10441","name":"Boggabri","population":1203,"size_band":"remote_town","source":"ABS SAL 2021 + Census 2021 G01"},"geometry":{"type":"Point","coordinates":[150.01405767667293,-30.70710805305281]}},{"type":"Feature","properties":{"sal_code":"10797","name":"Canton Beach","population":1202,"size_band":"remote_town","source":"ABS SAL 2021 + Census 2021 G01"},"geometry":{"type":"Point","coordinates":[151.5457792034687,-33.276453398875205]}},{"type":"Feature","properties":{"sal_code":"13893","name":"Tinonee","population":1202,"size_band":"remote_town","source":"ABS SAL 2021 + Census 2021 G01"},"geometry":{"type":"Point","coordinates":[152.41282294856842,-31.947157433246637]}},{"type":"Feature","properties":{"sal_code":"14176","name":"Warragamba","population":1202,"size_band":"remote_town","source":"ABS SAL 2021 + Census 2021 G01"},"geometry":{"type":"Point","coordinates":[150.60032072220903,-33.88940817618869]}},{"type":"Feature","properties":{"sal_code":"12710","name":"Moonbi","population":1201,"size_band":"remote_town","source":"ABS SAL 2021 + Census 2021 G01"},"geometry":{"type":"Point","coordinates":[151.05394919499622,-30.95149427775887]}},{"type":"Feature","properties":{"sal_code":"14528","name":"Yerrinbool","population":1196,"size_band":"remote_town","source":"ABS SAL 2021 + Census 2021 G01"},"geometry":{"type":"Point","coordinates":[150.56396669766977,-34.345078005346004]}},{"type":"Feature","properties":{"sal_code":"12680","name":"Mollymook","population":1195,"size_band":"remote_town","source":"ABS SAL 2021 + Census 2021 G01"},"geometry":{"type":"Point","coordinates":[150.47119046121378,-35.34124270512937]}},{"type":"Feature","properties":{"sal_code":"13912","name":"Tomerong","population":1194,"size_band":"remote_town","source":"ABS SAL 2021 + Census 2021 G01"},"geometry":{"type":"Point","coordinates":[150.56653165191068,-35.04965400046387]}},{"type":"Feature","properties":{"sal_code":"14211","name":"Wattle Ponds","population":1193,"size_band":"remote_town","source":"ABS SAL 2021 + Census 2021 G01"},"geometry":{"type":"Point","coordinates":[151.18654471708155,-32.52172152197052]}},{"type":"Feature","properties":{"sal_code":"14087","name":"Valley Heights","population":1188,"size_band":"remote_town","source":"ABS SAL 2021 + Census 2021 G01"},"geometry":{"type":"Point","coordinates":[150.58383119385317,-33.709464560345374]}},{"type":"Feature","properties":{"sal_code":"14344","name":"Windsor Downs","population":1183,"size_band":"remote_town","source":"ABS SAL 2021 + Census 2021 G01"},"geometry":{"type":"Point","coordinates":[150.81078498711943,-33.658590531444595]}},{"type":"Feature","properties":{"sal_code":"14501","name":"Yarravel","population":1182,"size_band":"remote_town","source":"ABS SAL 2021 + Census 2021 G01"},"geometry":{"type":"Point","coordinates":[152.7639564169436,-31.041952003900565]}},{"type":"Feature","properties":{"sal_code":"12661","name":"Mitchell (NSW)","population":1179,"size_band":"remote_town","source":"ABS SAL 2021 + Census 2021 G01"},"geometry":{"type":"Point","coordinates":[149.5577514589744,-33.42593910000776]}},{"type":"Feature","properties":{"sal_code":"14409","name":"Woodrising","population":1176,"size_band":"remote_town","source":"ABS SAL 2021 + Census 2021 G01"},"geometry":{"type":"Point","coordinates":[151.60602394904024,-32.985717496923115]}},{"type":"Feature","properties":{"sal_code":"13341","name":"Razorback","population":1174,"size_band":"remote_town","source":"ABS SAL 2021 + Census 2021 G01"},"geometry":{"type":"Point","coordinates":[150.64412470357163,-34.15842773192403]}},{"type":"Feature","properties":{"sal_code":"10239","name":"Beaconsfield (NSW)","population":1172,"size_band":"remote_town","source":"ABS SAL 2021 + Census 2021 G01"},"geometry":{"type":"Point","coordinates":[151.20038579818083,-33.91142981102954]}},{"type":"Feature","properties":{"sal_code":"14457","name":"Wyee Point","population":1171,"size_band":"remote_town","source":"ABS SAL 2021 + Census 2021 G01"},"geometry":{"type":"Point","coordinates":[151.50658073634574,-33.146108011795334]}},{"type":"Feature","properties":{"sal_code":"13177","name":"Peak Hill (NSW)","population":1162,"size_band":"remote_town","source":"ABS SAL 2021 + Census 2021 G01"},"geometry":{"type":"Point","coordinates":[148.0186721559783,-32.68366200113897]}},{"type":"Feature","properties":{"sal_code":"12297","name":"Lawrence (NSW)","population":1159,"size_band":"remote_town","source":"ABS SAL 2021 + Census 2021 G01"},"geometry":{"type":"Point","coordinates":[153.09463310651233,-29.44243286499052]}},{"type":"Feature","properties":{"sal_code":"10535","name":"Bowraville","population":1157,"size_band":"remote_town","source":"ABS SAL 2021 + Census 2021 G01"},"geometry":{"type":"Point","coordinates":[152.8623988722756,-30.635791314121427]}},{"type":"Feature","properties":{"sal_code":"12104","name":"Kendall","population":1153,"size_band":"remote_town","source":"ABS SAL 2021 + Census 2021 G01"},"geometry":{"type":"Point","coordinates":[152.69684434297736,-31.63247094827715]}},{"type":"Feature","properties":{"sal_code":"10964","name":"Coleambally","population":1152,"size_band":"remote_town","source":"ABS SAL 2021 + Census 2021 G01"},"geometry":{"type":"Point","coordinates":[145.893689012287,-34.80232750355423]}},{"type":"Feature","properties":{"sal_code":"13322","name":"Ramsgate","population":1151,"size_band":"remote_town","source":"ABS SAL 2021 + Census 2021 G01"},"geometry":{"type":"Point","coordinates":[151.1404809742144,-33.98259499077304]}},{"type":"Feature","properties":{"sal_code":"12983","name":"Norah Head","population":1149,"size_band":"remote_town","source":"ABS SAL 2021 + Census 2021 G01"},"geometry":{"type":"Point","coordinates":[151.56383617701098,-33.28409185174955]}},{"type":"Feature","properties":{"sal_code":"11186","name":"Daceyville","population":1146,"size_band":"remote_town","source":"ABS SAL 2021 + Census 2021 G01"},"geometry":{"type":"Point","coordinates":[151.2252711886929,-33.9290507430499]}},{"type":"Feature","properties":{"sal_code":"14094","name":"Vineyard","population":1143,"size_band":"remote_town","source":"ABS SAL 2021 + Census 2021 G01"},"geometry":{"type":"Point","coordinates":[150.84814030082384,-33.639613806446675]}},{"type":"Feature","properties":{"sal_code":"12172","name":"Kingswood (Tamworth Regional - NSW)","population":1142,"size_band":"remote_town","source":"ABS SAL 2021 + Census 2021 G01"},"geometry":{"type":"Point","coordinates":[150.93159889853922,-31.161364302614786]}},{"type":"Feature","properties":{"sal_code":"14262","name":"West Haven","population":1139,"size_band":"remote_town","source":"ABS SAL 2021 + Census 2021 G01"},"geometry":{"type":"Point","coordinates":[152.78356606018258,-31.636064502861878]}},{"type":"Feature","properties":{"sal_code":"10717","name":"Burwood Heights","population":1134,"size_band":"remote_town","source":"ABS SAL 2021 + Census 2021 G01"},"geometry":{"type":"Point","coordinates":[151.1039680520744,-33.889401470806085]}},{"type":"Feature","properties":{"sal_code":"12900","name":"Nana Glen","population":1132,"size_band":"remote_town","source":"ABS SAL 2021 + Census 2021 G01"},"geometry":{"type":"Point","coordinates":[153.01178408668414,-30.137810960201264]}},{"type":"Feature","properties":{"sal_code":"10004","name":"Abercrombie","population":1127,"size_band":"remote_town","source":"ABS SAL 2021 + Census 2021 G01"},"geometry":{"type":"Point","coordinates":[149.56170018346882,-33.39204199094872]}},{"type":"Feature","properties":{"sal_code":"12746","name":"Moruya Heads","population":1125,"size_band":"remote_town","source":"ABS SAL 2021 + Census 2021 G01"},"geometry":{"type":"Point","coordinates":[150.1373654945778,-35.92521650434661]}},{"type":"Feature","properties":{"sal_code":"14520","name":"Yellow Rock (Blue Mountains - NSW)","population":1119,"size_band":"remote_town","source":"ABS SAL 2021 + Census 2021 G01"},"geometry":{"type":"Point","coordinates":[150.63479444080633,-33.693316116336824]}},{"type":"Feature","properties":{"sal_code":"11529","name":"Fishing Point","population":1105,"size_band":"remote_town","source":"ABS SAL 2021 + Census 2021 G01"},"geometry":{"type":"Point","coordinates":[151.59449593277955,-33.05267240988471]}},{"type":"Feature","properties":{"sal_code":"13477","name":"Safety Beach (NSW)","population":1103,"size_band":"remote_town","source":"ABS SAL 2021 + Census 2021 G01"},"geometry":{"type":"Point","coordinates":[153.19471011657245,-30.09188819361382]}},{"type":"Feature","properties":{"sal_code":"13482","name":"Salt Ash","population":1103,"size_band":"remote_town","source":"ABS SAL 2021 + Census 2021 G01"},"geometry":{"type":"Point","coordinates":[151.92204979006155,-32.79447202713356]}},{"type":"Feature","properties":{"sal_code":"13729","name":"Sydenham (NSW)","population":1100,"size_band":"remote_town","source":"ABS SAL 2021 + Census 2021 G01"},"geometry":{"type":"Point","coordinates":[151.16839496463837,-33.916731770851726]}},{"type":"Feature","properties":{"sal_code":"11319","name":"Dunedoo","population":1097,"size_band":"remote_town","source":"ABS SAL 2021 + Census 2021 G01"},"geometry":{"type":"Point","coordinates":[149.24692374809084,-32.04171072158716]}},{"type":"Feature","properties":{"sal_code":"12377","name":"Lochinvar","population":1095,"size_band":"remote_town","source":"ABS SAL 2021 + Census 2021 G01"},"geometry":{"type":"Point","coordinates":[151.4551180781969,-32.71379240724596]}},{"type":"Feature","properties":{"sal_code":"11478","name":"Exeter (NSW)","population":1087,"size_band":"remote_town","source":"ABS SAL 2021 + Census 2021 G01"},"geometry":{"type":"Point","coordinates":[150.28172882561242,-34.61565402009711]}},{"type":"Feature","properties":{"sal_code":"13587","name":"Somersby","population":1087,"size_band":"remote_town","source":"ABS SAL 2021 + Census 2021 G01"},"geometry":{"type":"Point","coordinates":[151.28324900779725,-33.373639738781655]}},{"type":"Feature","properties":{"sal_code":"12735","name":"Morisset Park","population":1085,"size_band":"remote_town","source":"ABS SAL 2021 + Census 2021 G01"},"geometry":{"type":"Point","coordinates":[151.53460185176564,-33.12169299656373]}},{"type":"Feature","properties":{"sal_code":"12780","name":"Mount Kembla","population":1083,"size_band":"remote_town","source":"ABS SAL 2021 + Census 2021 G01"},"geometry":{"type":"Point","coordinates":[150.8250730429546,-34.428969005524515]}},{"type":"Feature","properties":{"sal_code":"11374","name":"Ebenezer (NSW)","population":1081,"size_band":"remote_town","source":"ABS SAL 2021 + Census 2021 G01"},"geometry":{"type":"Point","coordinates":[150.8886991029512,-33.521988795525424]}},{"type":"Feature","properties":{"sal_code":"13086","name":"Old Erowal Bay","population":1080,"size_band":"remote_town","source":"ABS SAL 2021 + Census 2021 G01"},"geometry":{"type":"Point","coordinates":[150.64932850926527,-35.08807460901724]}},{"type":"Feature","properties":{"sal_code":"13188","name":"Pelaw Main","population":1080,"size_band":"remote_town","source":"ABS SAL 2021 + Census 2021 G01"},"geometry":{"type":"Point","coordinates":[151.4790173511907,-32.83754949165416]}},{"type":"Feature","properties":{"sal_code":"13653","name":"St Huberts Island","population":1080,"size_band":"remote_town","source":"ABS SAL 2021 + Census 2021 G01"},"geometry":{"type":"Point","coordinates":[151.34612099409654,-33.49513838170355]}},{"type":"Feature","properties":{"sal_code":"10858","name":"Cattai","population":1077,"size_band":"remote_town","source":"ABS SAL 2021 + Census 2021 G01"},"geometry":{"type":"Point","coordinates":[150.91810905152954,-33.542391001186665]}},{"type":"Feature","properties":{"sal_code":"13950","name":"Trangie","population":1073,"size_band":"remote_town","source":"ABS SAL 2021 + Census 2021 G01"},"geometry":{"type":"Point","coordinates":[147.90376406927354,-32.06595150618694]}},{"type":"Feature","properties":{"sal_code":"11355","name":"East Jindabyne","population":1067,"size_band":"remote_town","source":"ABS SAL 2021 + Census 2021 G01"},"geometry":{"type":"Point","coordinates":[148.6661156502523,-36.4103425040568]}},{"type":"Feature","properties":{"sal_code":"10914","name":"Church Point","population":1066,"size_band":"remote_town","source":"ABS SAL 2021 + Census 2021 G01"},"geometry":{"type":"Point","coordinates":[151.28731190996095,-33.65165305110769]}},{"type":"Feature","properties":{"sal_code":"13609","name":"South Murwillumbah","population":1064,"size_band":"remote_town","source":"ABS SAL 2021 + Census 2021 G01"},"geometry":{"type":"Point","coordinates":[153.41447861017284,-28.335517500990086]}},{"type":"Feature","properties":{"sal_code":"13449","name":"Royalla","population":1063,"size_band":"remote_town","source":"ABS SAL 2021 + Census 2021 G01"},"geometry":{"type":"Point","coordinates":[149.17195507961662,-35.49004575538039]}},{"type":"Feature","properties":{"sal_code":"12959","name":"Newcastle East","population":1061,"size_band":"remote_town","source":"ABS SAL 2021 + Census 2021 G01"},"geometry":{"type":"Point","coordinates":[151.79157838746616,-32.92317906728826]}},{"type":"Feature","properties":{"sal_code":"10413","name":"Blue Bay","population":1060,"size_band":"remote_town","source":"ABS SAL 2021 + Census 2021 G01"},"geometry":{"type":"Point","coordinates":[151.5006850033045,-33.35463692464429]}},{"type":"Feature","properties":{"sal_code":"10278","name":"Belmont South","population":1053,"size_band":"remote_town","source":"ABS SAL 2021 + Census 2021 G01"},"geometry":{"type":"Point","coordinates":[151.65985031006025,-33.05326746201643]}},{"type":"Feature","properties":{"sal_code":"11094","name":"Coutts Crossing","population":1053,"size_band":"remote_town","source":"ABS SAL 2021 + Census 2021 G01"},"geometry":{"type":"Point","coordinates":[152.89824234201814,-29.856873274500725]}},{"type":"Feature","properties":{"sal_code":"14085","name":"Valla","population":1052,"size_band":"remote_town","source":"ABS SAL 2021 + Census 2021 G01"},"geometry":{"type":"Point","coordinates":[152.9484224763342,-30.583542153639154]}},{"type":"Feature","properties":{"sal_code":"13248","name":"Pokolbin","population":1049,"size_band":"remote_town","source":"ABS SAL 2021 + Census 2021 G01"},"geometry":{"type":"Point","coordinates":[151.27464062221117,-32.75353499186087]}},{"type":"Feature","properties":{"sal_code":"14122","name":"Wallalong","population":1049,"size_band":"remote_town","source":"ABS SAL 2021 + Census 2021 G01"},"geometry":{"type":"Point","coordinates":[151.6575747489865,-32.68984885735367]}},{"type":"Feature","properties":{"sal_code":"12614","name":"Middle Dural","population":1040,"size_band":"remote_town","source":"ABS SAL 2021 + Census 2021 G01"},"geometry":{"type":"Point","coordinates":[151.01776304402398,-33.638438001526644]}},{"type":"Feature","properties":{"sal_code":"12235","name":"Kyle Bay","population":1039,"size_band":"remote_town","source":"ABS SAL 2021 + Census 2021 G01"},"geometry":{"type":"Point","coordinates":[151.09918483939344,-33.98937245613335]}},{"type":"Feature","properties":{"sal_code":"12530","name":"Matcham","population":1038,"size_band":"remote_town","source":"ABS SAL 2021 + Census 2021 G01"},"geometry":{"type":"Point","coordinates":[151.4292035435593,-33.404203871497565]}},{"type":"Feature","properties":{"sal_code":"11216","name":"Darlington Point","population":1030,"size_band":"remote_town","source":"ABS SAL 2021 + Census 2021 G01"},"geometry":{"type":"Point","coordinates":[145.75252309616562,-34.57878100392427]}},{"type":"Feature","properties":{"sal_code":"11988","name":"Ingleside","population":1030,"size_band":"remote_town","source":"ABS SAL 2021 + Census 2021 G01"},"geometry":{"type":"Point","coordinates":[151.2580924662065,-33.68951285605634]}},{"type":"Feature","properties":{"sal_code":"11477","name":"Ewingsdale","population":1025,"size_band":"remote_town","source":"ABS SAL 2021 + Census 2021 G01"},"geometry":{"type":"Point","coordinates":[153.54593254780514,-28.63901400528857]}},{"type":"Feature","properties":{"sal_code":"11928","name":"Holgate","population":1023,"size_band":"remote_town","source":"ABS SAL 2021 + Census 2021 G01"},"geometry":{"type":"Point","coordinates":[151.40501850299887,-33.4061547485343]}},{"type":"Feature","properties":{"sal_code":"10440","name":"Boggabilla","population":1022,"size_band":"remote_town","source":"ABS SAL 2021 + Census 2021 G01"},"geometry":{"type":"Point","coordinates":[150.18031224151247,-28.706766023869967]}},{"type":"Feature","properties":{"sal_code":"11313","name":"Dunbogan","population":1020,"size_band":"remote_town","source":"ABS SAL 2021 + Census 2021 G01"},"geometry":{"type":"Point","coordinates":[152.81428397737423,-31.656933040067102]}},{"type":"Feature","properties":{"sal_code":"12378","name":"Lockhart","population":1019,"size_band":"remote_town","source":"ABS SAL 2021 + Census 2021 G01"},"geometry":{"type":"Point","coordinates":[146.74384485494846,-35.173858509117686]}},{"type":"Feature","properties":{"sal_code":"11253","name":"Diamond Beach","population":1012,"size_band":"remote_town","source":"ABS SAL 2021 + Census 2021 G01"},"geometry":{"type":"Point","coordinates":[152.54143136743542,-32.03606496953113]}},{"type":"Feature","properties":{"sal_code":"13525","name":"Seaham","population":1011,"size_band":"remote_town","source":"ABS SAL 2021 + Census 2021 G01"},"geometry":{"type":"Point","coordinates":[151.70200246119353,-32.67141450232713]}},{"type":"Feature","properties":{"sal_code":"11679","name":"Glenreagh","population":1005,"size_band":"remote_town","source":"ABS SAL 2021 + Census 2021 G01"},"geometry":{"type":"Point","coordinates":[152.9559864814693,-30.08439778309642]}},{"type":"Feature","properties":{"sal_code":"10146","name":"Balcolyn","population":1002,"size_band":"remote_town","source":"ABS SAL 2021 + Census 2021 G01"},"geometry":{"type":"Point","coordinates":[151.55224750560402,-33.094502501989915]}},{"type":"Feature","properties":{"sal_code":"12532","name":"Mathoura","population":1002,"size_band":"remote_town","source":"ABS SAL 2021 + Census 2021 G01"},"geometry":{"type":"Point","coordinates":[144.86088522131826,-35.81843951467659]}},{"type":"Feature","properties":{"sal_code":"13151","name":"Pambula","population":1002,"size_band":"remote_town","source":"ABS SAL 2021 + Census 2021 G01"},"geometry":{"type":"Point","coordinates":[149.87672552494405,-36.92999152379892]}},{"type":"Feature","properties":{"sal_code":"12997","name":"North Casino","population":1000,"size_band":"remote_town","source":"ABS SAL 2021 + Census 2021 G01"},"geometry":{"type":"Point","coordinates":[153.06684279074685,-28.802564780816837]}}]}
